Workbook

Sheet Analisa 3
A1: ANALISA BIAYA SURVEY MEKANIKA TANAH
A4: NO | B4: URAIAN | C4: SAT. | D4: VOL. | E4: HARGA SAT. | F4: JUMLAH | G4: KETERANGAN
B5: Pengeboran Mesin
B6: Pengeboran mesin | C6: m | D6: 1 | E6: 500000 | F6: =+E6*D6 -> 500000
E7: Jumlah | F7: =SUM(F6:F6) -> 500000
A9: NO | B9: URAIAN | C9: SAT. | D9: VOL. | E9: HARGA SAT. | F9: JUMLAH | G9: KETERANGAN
B10: Pengujian Standard Penetrasi
B11: SPT | C11: kali | D11: 1 | E11: 150000 | F11: =+E11*D11 -> 150000
E12: Jumlah | F12: =SUM(F11:F11) -> 150000
A14: NO | B14: URAIAN | C14: SAT. | D14: VOL. | E14: HARGA SAT. | F14: JUMLAH | G14: KETERANGAN
B15: Pengambilan Sampel Tanah | J15: Uji sampel di Laboratorium | M15: HARGA PP 38 TAHUN 2012
B16: Pengambilan sampe tanah DS dan UDS | C16: tabung | D16: 1 | E16: 150000 | F16: =+E16*D16 -> 150000 | J16: Kadar air | M16: 15000
E17: Jumlah | F17: =SUM(F16:F16) -> 150000 | J17: Berat Jenis Tanah | M17: 18000
J18: Atterberg Limit | M18: 40000
A19: NO | B19: URAIAN | C19: SAT. | D19: VOL. | E19: HARGA SAT. | F19: JUMLAH | G19: KETERANGAN | J19: Analisa Saringan | M19: 35000
B20: Uji sampel di Laboratorium | J20: Hidrometer | M20: 50000
B21: Kadar air | C21: 1 | D21: sampel | E21: 20000 | F21: =C21*E21 -> 20000 | J21: Shringkage Limit | M21: 25000
B22: Berat Jenis Tanah | C22: 1 | D22: sampel | E22: 20000 | F22: =C22*E22 -> 20000 | J22: Unconfined Compression Test | M22: 60000
B23: Atterberg Limit | C23: 1 | D23: sampel | E23: 40000 | F23: =C23*E23 -> 40000 | J23: Konsolidasi | M23: 90000
B24: Analisa Saringan | C24: 1 | D24: sampel | E24: 35000 | F24: =C24*E24 -> 35000 | J24: Berat Isi | M24: 15000
B25: Hidrometer | C25: 1 | D25: sampel | E25: 50000 | F25: =C25*E25 -> 50000 | J25: Kuat Geser (UU) | M25: 80000
B26: Shringkage Limit | C26: 1 | D26: sampel | E26: 25000 | F26: =C26*E26 -> 25000 | J26: Kuat Geser (CU/CD) | M26: 125000
B27: Unconfined Compression Test | C27: 1 | D27: sampel | E27: 60000 | F27: =C27*E27 -> 60000 | J27: Kuat Geser Residual | M27: 250000
B28: Konsolidasi | C28: 1 | D28: sampel | E28: 90000 | F28: =C28*E28 -> 90000 | J28: Permeabilitas | M28: 75000
B29: Berat Isi | C29: 1 | D29: sampel | E29: 15000 | F29: =C29*E29 -> 15000 | J29: Triaxial UU | M29: 90000
B30: Kuat Geser | C30: 1 | D30: sampel | E30: 100000 | F30: =C30*E30 -> 100000 | J30: Triaxial (CU) | M30: 150000
B31: Permeabilitas | C31: 1 | D31: sampel | E31: 75000 | F31: =C31*E31 -> 75000 | M31: =SUM(M16:M30) -> 1118000
B32: Triaxial | C32: 1 | D32: sampel | E32: 120000 | F32: =C32*E32 -> 120000
E33: Jumlah | F33: =SUM(F21:F32) -> 650000
A35: NO | B35: URAIAN | C35: SAT. | D35: VOL. | E35: HARGA SAT. | F35: JUMLAH | G35: KETERANGAN
B36: Uji Bor Tangan (maksimum kedalaman 5 meter)
B37: Bor Tangan | C37: m | D37: 1 | E37: 500000 | F37: =+E37*D37 -> 500000
E39: Jumlah | F39: =SUM(F37:F37) -> 500000
A41: NO | B41: URAIAN | C41: SAT. | D41: VOL. | E41: HARGA SAT. | F41: JUMLAH | G41: KETERANGAN
B42: Uji Sondir (Dutch Cone Penetration Test)
B43: Uji Sondir | C43: titik | D43: 1 | E43: 3000000 | F43: =+E43*D43 -> 3000000
E45: Jumlah | F45: =SUM(F43:F43) -> 3000000
A47: NO | B47: URAIAN | C47: SAT. | D47: VOL. | E47: HARGA SAT. | F47: JUMLAH | G47: KETERANGAN
B48: Bagan untuk Bor Mesin di Laut
B49: Pembuatan Bagan | C49: titik | D49: 1 | E49: 10000000 | F49: =+E49*D49 -> 10000000
E52: Jumlah | F52: =SUM(F49:F49) -> 10000000
A54: NO | B54: URAIAN | C54: SAT. | D54: VOL. | E54: HARGA SAT. | F54: JUMLAH | G54: KETERANGAN
B55: Mob Demob Alat Survey Mekanika Tanah (Jakarta)
B56: Sewa truk 100 HP | C56: Trip | D56: 2 | E56: 1500000 | F56: =+E56*D56 -> 3000000
B57: Biaya Bahan bakar | C57: ls | D57: 1 | E57: =12%*100*10000*4*2 -> 960000 | F57: =+E57*D57 -> 960000
B58: Biaya pelumas | C58: ls | D58: 1 | E58: =2.5%*100*40000*4*2 -> 800000 | F58: =+E58*D58 -> 800000
B59: Tenaga kerja | C59: ls | D59: 1 | E59: =200000*2 -> 400000 | F59: =+E59*D59 -> 400000
E61: Jumlah | F61: =SUM(F56:F60) -> 5160000

Sheet Sheet1
A1: TABEL 3-16
A2: BIAYA LANGSUNG PERSONIL (REMUNERATION/BILLING RATE TAHUN 2016)
A3: UNTUK TENAGA SUB PROFESIONAL
A4: BILLING RATE INKINDO TAHUN 2016
A6: No. | B6: PERSONIL | C6: Rp. /Bln
B7: CAD/CAM Operator
B8: Software programmer/

Sheet Resume
A7: REKAPITULASI MUTUAL CHECK ( MC - 0%)
A9: PROYEK | C9: : | D9: KAMPUNG NELAYAN MERAH PUTIH
A10: LOKASI | C10: : | D10: DESA TAMBAKAGUNG, KEC. KALIORI
D11: KAB. REMBANG - PROVINSI JAWA TENGAH
A12: TAHUN ANGGARAN | C12: : | D12: 2026
A14: NO | B14: JENIS PEKERJAAN | E14: NILAI HPS | F14: NILAI PEKERJAAN | G14: NILAI KONTRAK | H14: NILAI MC - O | I14: KDN
A17: 1 | B17: ='Sub Resume'!B11 -> PEKERJAAN PERSIAPAN | E17: ='Sub Resume'!G11 -> 3.7645963e+08 | F17: ='Sub Resume'!H11 -> 3.7504654e+08 | G17: ='Sub Resume'!I11 -> 3.2203949e+08 | H17: ='Sub Resume'!I11 -> 3.2203949e+08 | I17: =(F17/F$37)*H17 -> 51565221
A19: =A17+1 -> 2 | B19: ='Sub Resume'!B12 -> PEKERJAAN DINDING PENAHAN TANAH | E19: ='Sub Resume'!G12 -> 1.9553833e+08 | F19: ='Sub Resume'!H12 -> 1.9334367e+08 | G19: ='Sub Resume'!I12 -> 1.9334367e+08 | H19: ='Sub Resume'!I12+'Sub Resume'!J12 -> 3.9417533e+08 | I19: =(F19/F$37)*H19 -> 32537336
A21: =A19+1 -> 3 | B21: ='Sub Resume'!B14 -> PEKERJAAN BANGUNAN SHELTER PENDARATAN IKAN | E21: ='Sub Resume'!G14 -> 1.255371e+08 | F21: ='Sub Resume'!H14 -> 1.2416543e+08 | G21: ='Sub Resume'!I14 -> 1.2416543e+08 | H21: ='Sub Resume'!I14 -> 1.2416543e+08 | I21: =(F21/F$37)*H21 -> 6582092.1
A23: =A21+1 -> 4 | B23: ='Sub Resume'!B18 -> PEKERJAAN PONDASI PABRIK ES PORTABLE | E23: ='Sub Resume'!G18 -> 2.0536648e+08 | F23: ='Sub Resume'!H18 -> 2.0240125e+08 | G23: ='Sub Resume'!I18 -> 2.0240125e+08 | H23: ='Sub Resume'!I18 -> 2.0240125e+08 | I23: =(F23/F$37)*H23 -> 17489966
A25: =A23+1 -> 5 | B25: ='Sub Resume'!B21 -> PEKERJAAN BANGUNAN KIOS PERBEKALAN | E25: ='Sub Resume'!G21 -> 1.7647042e+08 | F25: ='Sub Resume'!H21 -> 1.7486835e+08 | G25: ='Sub Resume'!I21 -> 1.7486835e+08 | H25: ='Sub Resume'!I21 -> 1.7486835e+08 | I25: =(F25/F$37)*H25 -> 13055244
A27: =A25+1 -> 6 | B27: ='Sub Resume'!B25 -> PEKERJAAN PLUMBING DISTRIBUSI AIR BERSIH DAN SUMUR BOR | E27: ='Sub Resume'!G25 -> 2.9731463e+08 | F27: ='Sub Resume'!H25 -> 2.9378254e+08 | G27: ='Sub Resume'!I25 -> 2.9378254e+08 | H27: ='Sub Resume'!I25 -> 2.9378254e+08 | I27: =(F27/F$37)*H27 -> 36848053
A29: =A27+1 -> 7 | B29: ='Sub Resume'!B29 -> PEKERJAAN PENERANGAN KAWASAN | E29: ='Sub Resume'!G29 -> 3.2115133e+08 | F29: ='Sub Resume'!H29 -> 3.2819893e+08 | G29: ='Sub Resume'!I29 -> 3.2819893e+08 | H29: ='Sub Resume'!I29 -> 3.2819893e+08 | I29: =(F29/F$37)*H29 -> 45987192
A31: =A29+1 -> 8 | B31: ='Sub Resume'!B32 -> PEKERJAAN JALAN LINGKUNGAN DAN SALURAN | E31: ='Sub Resume'!G32 -> 5.6490156e+08 | F31: ='Sub Resume'!H32 -> 5.6019536e+08 | G31: ='Sub Resume'!I32 -> 5.6019536e+08 | H31: ='Sub Resume'!I32-'Sub Resume'!K32 -> 2.9023103e+08 | I31: =(F31/F$37)*H31 -> 69413817
A33: =A31+1 -> 9 | B33: ='Sub Resume'!B36 -> PEKERJAAN LANDSKAPING KAWASAN | E33: ='Sub Resume'!G36 -> 30720881 | F33: ='Sub Resume'!H36 -> 30533548 | G33: ='Sub Resume'!I36 -> 30533548 | H33: ='Sub Resume'!I36 -> 30533548 | I33: =(F33/F$37)*H33 -> 398031.2
A35: =A33+1 -> 10 | B35: ='Sub Resume'!B37 -> PEKERJAAN LEVELLING LAHAN | E35: ='Sub Resume'!G37 -> 60624208 | F35: ='Sub Resume'!H37 -> 59736881 | G35: ='Sub Resume'!I37 -> 59736881 | H35: ='Sub Resume'!L37 -> 1.2886955e+08 | I35: =(F35/F$37)*H35 -> 3286665
D37: I. JUMLAH | E37: =SUM(E17:E35) -> 2.3540846e+09 | F37: =SUM(F17:F35) -> 2.3422725e+09 | G37: =SUM(G17:G35) -> 2.2892654e+09 | H37: =SUM(H17:H35) -> 2.2892654e+09 | I37: =SUM(I17:I35) -> 2.7716362e+08
D38: II. PPN 11 % | E38: =E37*11% -> 2.589493e+08 | F38: =F37*11% -> 2.5764997e+08 | G38: =G37*11% -> 2.518192e+08 | H38: =H37*0.11 -> 2.518192e+08
D39: III. TOTAL I + II | E39: =E37+E38 -> 2.6130339e+09 | F39: =F37+F38 -> 2.5999225e+09 | G39: =G37+G38 -> 2.5410846e+09 | H39: =H38+H37 -> 2.5410846e+09
D40: IV. DIBULATKAN | E40: =ROUNDDOWN(E39,-3) -> 2613033000 | F40: =ROUNDDOWN(F39,-3) -> 2599922000 | G40: =ROUNDDOWN(G39,-3) -> 2541084000 | H40: =ROUNDDOWN(H39,-3) -> 2541084000
A41: Terbilang : Dua Miliyar Lima Enam Ratus Juta Tujuh Ratus Empat Puluh Enam Ribu Rupiah
F44: 20 Juli 2026
H45: Rembang, 02 Agustus 2026
B46: Diperiksa Oleh : | G46: Di Buat Oleh :
B47: PT AGRINAS JALADRI NUSANTARA | G47: PT KURNIA ALAM SENTOSA
B53: M. Nazar Iqbal | G53: Khusnul Yaqin
B54: Team Leader | G54: Direktur
B56: Di Setujui | G56: Mengetahui
B57: Wakil Syah PPK | G57: PPK Satuan Kerja Sekretariat Direktorat Jenderal Perikanan Tangkap
B62: Elfando Mada | G62: Umar
B63: NIP 199106202015031001 | G63: NIP 198007052005021001

Sheet Sub Resume
A2: SUB RESUME MUTUAL CHECK (MC-0)
A4: =Resume!A9 -> PROYEK | C4: =Resume!C9 -> : | D4: =Resume!D9 -> KAMPUNG NELAYAN MERAH PUTIH
A5: =Resume!A10 -> LOKASI | C5: =Resume!C10 -> : | D5: =Resume!D10 -> DESA TAMBAKAGUNG, KEC. KALIORI
D6: =Resume!D11 -> KAB. REMBANG - PROVINSI JAWA TENGAH
A7: =Resume!A12 -> TAHUN ANGGARAN | C7: =Resume!C12 -> : | D7: =Resume!D12 -> 2026
A9: NO | B9: JENIS PEKERJAAN | G9: NILAI HPS | H9: NILAI PEKERJAAN | I9: NILAI KONTRAK | J9: NILAI PEK. TAMBAH | K9: NILAI PEK. KURANG | L9: MC - 0 | M9: KET
A11: =RAB!A13 -> I | B11: =RAB!B13 -> PEKERJAAN PERSIAPAN | G11: =RAB!H71 -> 3.7645963e+08 | H11: =RAB!J71 -> 3.7504654e+08 | I11: =RAB!M71 -> 3.2203949e+08 | L11: =RAB!Y71 -> 3.2203949e+08 | M11: TETAP
A12: II | B12: =RAB!B72 -> PEKERJAAN DINDING PENAHAN TANAH | G12: =SUM(G13:G13) -> 1.9553833e+08 | H12: =SUM(H13:H13) -> 1.9334367e+08 | I12: =SUM(I13:I13) -> 1.9334367e+08 | J12: =J13 -> 2.0083166e+08 | L12: =L13 -> 3.9417533e+08 | M12: PEK. TAMBAH
A13: II.1 | B13: =RAB!B73 -> Pekerjaan Turap Beton | G13: =RAB!H89 -> 1.9553833e+08 | H13: =RAB!J89 -> 1.9334367e+08 | I13: =RAB!M89 -> 1.9334367e+08 | J13: =RAB!Q89 -> 2.0083166e+08 | L13: =RAB!Y89 -> 3.9417533e+08 | M13: =M12 -> PEK. TAMBAH
A14: III | B14: =RAB!B90 -> PEKERJAAN BANGUNAN SHELTER PENDARATAN IKAN | G14: =SUM(G15:G17) -> 1.255371e+08 | H14: =SUM(H15:H17) -> 1.2416543e+08 | I14: =SUM(I15:I17) -> 1.2416543e+08 | L14: =I14 -> 1.2416543e+08 | M14: =M11 -> TETAP
A15: III.1 | B15: =RAB!B91 -> Pekerjaan Struktural | G15: =RAB!H144 -> 54099474 | H15: =RAB!J144 -> 53121547 | I15: =RAB!M144 -> 53121547 | L15: =I15 -> 53121547 | M15: =M14 -> TETAP
A16: III.2 | B16: =RAB!B145 -> Pekerjaan Arsitektural | G16: =RAB!H169 -> 65149607 | H16: =RAB!J169 -> 64641313 | I16: =RAB!M169 -> 64641313 | L16: =I16 -> 64641313 | M16: =M14 -> TETAP
A17: III.3 | B17: =RAB!B170 -> Pekerjaan Elektrikal | G17: =RAB!H180 -> 6288016.7 | H17: =RAB!J180 -> 6402567.7 | I17: =RAB!M180 -> 6402567.7 | L17: =I17 -> 6402567.7 | M17: =M14 -> TETAP
A18: IV | B18: =RAB!B232 -> PEKERJAAN PONDASI PABRIK ES PORTABLE | G18: =G19+G20 -> 2.0536648e+08 | H18: =H19+H20 -> 2.0240125e+08 | I18: =I19+I20 -> 2.0240125e+08 | L18: =I18 -> 2.0240125e+08 | M18: =M14 -> TETAP
A19: IV.1 | B19: =RAB!B233 -> Pekerjaan Struktural Pondasi | G19: =RAB!H271 -> 1.5556949e+08 | H19: =RAB!J271 -> 1.525586e+08 | I19: =RAB!M271 -> 1.525586e+08 | L19: =I19 -> 1.525586e+08 | M19: =M14 -> TETAP
A20: IV.2 | B20: =RAB!B272 -> Pekerjaan Struktural Ground Water Tank Beton | G20: =RAB!H309 -> 49796991 | H20: =RAB!J309 -> 49842652 | I20: =RAB!M309 -> 49842652 | L20: =I20 -> 49842652 | M20: =M14 -> TETAP
A21: V | B21: =RAB!B418 -> PEKERJAAN BANGUNAN KIOS PERBEKALAN | G21: =SUM(G22:G24) -> 1.7647042e+08 | H21: =SUM(H22:H24) -> 1.7486835e+08 | I21: =SUM(I22:I24) -> 1.7486835e+08 | L21: =I21 -> 1.7486835e+08 | M21: =M19 -> TETAP
A22: V.1 | B22: =RAB!B419 -> Pekerjaan Struktural | G22: =RAB!H488 -> 49209099 | H22: =RAB!J488 -> 48283231 | I22: =RAB!M488 -> 48283231 | L22: =I22 -> 48283231 | M22: =M19 -> TETAP
A23: V.2 | B23: =RAB!B489 -> Pekerjaan Arsitektural | G23: =RAB!H530 -> 89559169 | H23: =RAB!J530 -> 88418196 | I23: =RAB!M530 -> 88418196 | L23: =I23 -> 88418196 | M23: =M19 -> TETAP
A24: V.3 | B24: =RAB!B531 -> Pekerjaan Mekanikal Elektrikal | G24: =RAB!H572 -> 37702151 | H24: =RAB!J572 -> 38166919 | I24: =RAB!M572 -> 38166919 | L24: =I24 -> 38166919 | M24: =M19 -> TETAP
A25: VI | B25: =RAB!B960 -> PEKERJAAN PLUMBING DISTRIBUSI AIR BERSIH DAN SUMUR BOR | G25: =SUM(G26:G28) -> 2.9731463e+08 | H25: =SUM(H26:H28) -> 2.9378254e+08 | I25: =SUM(I26:I28) -> 2.9378254e+08 | L25: =I25 -> 2.9378254e+08 | M25: =M19 -> TETAP
A26: VI.1 | B26: =RAB!B1017 -> Pekerjaan Plumbing Distribusi Air Bersih | G26: =RAB!H1039 -> 23838759 | H26: =RAB!J1039 -> 23979572 | I26: =RAB!M1039 -> 23979572 | L26: =I26 -> 23979572 | M26: =M19 -> TETAP
A27: VI.2 | B27: =RAB!B1041 -> Pekerjaan Pengeboran | G27: =RAB!H1061 -> 1.854717e+08 | H27: =RAB!J1061 -> 1.8134875e+08 | I27: =RAB!M1061 -> 1.8134875e+08 | L27: =I27 -> 1.8134875e+08 | M27: =M19 -> TETAP
A28: VI.3 | B28: =RAB!B1062 -> Pekerjaan Pengadaan Dan Material | G28: =RAB!H1069 -> 88004176 | H28: =RAB!J1069 -> 88454221 | I28: =RAB!M1069 -> 88454221 | L28: =I28 -> 88454221 | M28: =M19 -> TETAP
A29: VII | B29: =RAB!B1070 -> PEKERJAAN PENERANGAN KAWASAN | G29: =SUM(G30:G31) -> 3.2115133e+08 | H29: =SUM(H30:H31) -> 3.2819893e+08 | I29: =SUM(I30:I31) -> 3.2819893e+08 | L29: =I29 -> 3.2819893e+08 | M29: =M19 -> TETAP
A30: VII.1 | B30: =RAB!B1071 -> Pekerjaan Penerangan Tiang T = 7 m Dan T = 4 m | G30: =RAB!H1088 -> 76773322 | H30: =RAB!J1088 -> 76970501 | I30: =RAB!M1088 -> 76970501 | L30: =I30 -> 76970501 | M30: =M19 -> TETAP
A31: VII.2 | B31: =RAB!B1089 -> Pekerjaan Elektrikal | G31: =RAB!H1100 -> 2.44378e+08 | H31: =RAB!J1100 -> 2.5122842e+08 | I31: =RAB!M1100 -> 2.5122842e+08 | L31: =I31 -> 2.5122842e+08 | M31: =M19 -> TETAP
A32: VIII | B32: =RAB!B1280 -> PEKERJAAN JALAN LINGKUNGAN DAN SALURAN | G32: =SUM(G33:G35) -> 5.6490156e+08 | H32: =SUM(H33:H35) -> 5.6019536e+08 | I32: =SUM(I33:I35) -> 5.6019536e+08 | K32: =SUM(K33:K35) -> 2.6996433e+08 | L32: =SUM(L33:L35) -> 2.9023103e+08 | M32: PEK. KURANG
A33: VIII.1 | B33: =RAB!B1281 -> Pekerjaan Saluran Batu Belah Kawasan | G33: =RAB!H1308 -> 2.5562251e+08 | H33: =RAB!J1308 -> 2.5158693e+08 | I33: =RAB!M1308 -> 2.5158693e+08 | K33: =RAB!U1308 -> 63786141 | L33: =I33-K33 -> 1.8780079e+08 | M33: =M32 -> PEK. KURANG
A34: VIII.2 | B34: =RAB!B1309 -> Pekerjaan Jalan Beton Kawasan | G34: =RAB!H1328 -> 2.6297706e+08 | H34: =RAB!J1328 -> 2.617573e+08 | I34: =RAB!M1328 -> 2.617573e+08 | K34: =RAB!U1328 -> 2.0617819e+08 | L34: =I34-K34 -> 55579112 | M34: =M32 -> PEK. KURANG
A35: VIII.3 | B35: =RAB!B1329 -> Pekerjaan Pedestrian Kawasan | G35: =RAB!H1337 -> 46301995 | H35: =RAB!J1337 -> 46851122 | I35: =RAB!M1337 -> 46851122 | L35: =I35-K35 -> 46851122 | M35: =M30 -> TETAP
A36: IX | B36: =RAB!B1338 -> PEKERJAAN LANDSKAPING KAWASAN | G36: =RAB!H1344 -> 30720881 | H36: =RAB!J1344 -> 30533548 | I36: =RAB!M1344 -> 30533548 | L36: =I36 -> 30533548 | M36: =M35 -> TETAP
A37: X | B37: =RAB!B1345 -> PEKERJAAN LEVELLING LAHAN | G37: =RAB!H1348 -> 60624208 | H37: =RAB!J1348 -> 59736881 | I37: =RAB!M1348 -> 59736881 | J37: =RAB!Q1348 -> 69132668 | L37: =I37+J37 -> 1.2886955e+08 | M37: PEK. TAMBAH
D38: I. JUMLAH | G38: =Resume!E37 -> 2.3540846e+09 | H38: =Resume!F37 -> 2.3422725e+09 | I38: =I37+I36+I32+I29+I25+I21+I18+I14+I12+I11 -> 2.2892654e+09 | J38: =J37+J12 -> 2.6996433e+08 | K38: =K32 -> 2.6996433e+08 | L38: =L37+L36+L32+L29+L25+L21+L18+L14+L12+L11 -> 2.2892654e+09
D39: II. PPN 11 % | G39: =G38*11% -> 2.589493e+08 | H39: =H38*11% -> 2.5764997e+08 | I39: =I38*11% -> 2.518192e+08 | L39: =L38*0.11 -> 2.518192e+08
D40: III. TOTAL I + II | G40: =G38+G39 -> 2.6130339e+09 | H40: =H38+H39 -> 2.5999225e+09 | I40: =I38+I39 -> 2.5410846e+09 | L40: =L39+L38 -> 2.5410846e+09
D41: IV. DIBULATKAN | G41: =ROUNDDOWN(G40,-3) -> 2613033000 | H41: =ROUNDDOWN(H40,-3) -> 2599922000 | I41: =ROUNDDOWN(I40,-3) -> 2541084000 | L41: =ROUNDDOWN(L40,-3) -> 2541084000
M43: Rembang, 02 Agustus 2026
C44: Diperiksa Oleh : | I44: Di Buat Oleh : | L44: Di Setujui
C45: PT AGRINAS JALADRI NUSANTARA | I45: PT KURNIA ALAM SENTOSA | L45: Wakil Syah PPK
C52: Any Salindri | I52: Agus Sulistyo Rekso N | L52: Elfando Mada
C53: Co Team Leader | I53: Site Manager | L53: NIP 199106202015031001

Sheet 1 Vol Tangga Pndrtn 15-15
A4: PERHITUNGAN TALUD DINDING PENAHAN TANAH
A6: NO | B6: JENIS PEKERJAAN | C6: PANJANG | D6: LEBAR | E6: TINGGI | F6: JUMLAH | G6: UNIT | H6: VOLUME | I6: SAT | J6: PEMBULATAN | K6: =#VALUE! -> #VALUE!
A9: I | B9: Pekerjaan Tangga Pendaratan (4X50) m²
A10: 1 | B10: Pekerjaan Perancah untuk Jalan Kerja Tangga Pendaratan | C10: 15 | D10: 3 | H10: =ROUNDUP((C10*D10),0.5) -> 45
B11: Lantai beton | C11: =D10 -> 3 | D11: 3 | G11: 2 | H11: =ROUNDUP((C11*D11*G11),0.5) -> 18
B12: Bordes | C12: =D10 -> 3 | D12: =3+(0.85*2) -> 4.7 | G12: 1 | H12: =ROUNDUP((C12*D12*G12),0.5) -> 15
B13: Bordes | C13: 6 | D13: 3 | G13: 0 | H13: =ROUNDUP((C13*D13*G13),0.5) -> 0
H14: =ROUNDUP((SUM(H10:H13)),5) -> 78 | I14: m² | J14: =ROUND((H14),2) -> 78
A15: =A10+1 -> 2 | B15: Pekerjaan Tapak dan Kolom Precast | J15: =ROUND((H15),2) -> 0
A16: 2.1. | B16: Pekerjaan Pondasi Tapak Precast 15x60x60 cm | J16: =ROUND((H16),2) -> 0 | L16: AS Vert | M16: AS Hz
A17: a | B17: Pekerjaan Bekesting Pondasi | C17: 0.6 | D17: 0.15 | F17: 4 | G17: =N17 -> 18 | H17: =ROUNDUP((C17*D17*F17*G17),5)+H18 -> 12.96 | I17: m² | J17: =ROUND((H17),2) -> 12.96 | L17: 9 | M17: 2 | N17: =L17*M17 -> 18
B18: SISI BAWAH | C18: 0.6 | D18: 0.6 | F18: 1 | G18: =G17 -> 18 | H18: =ROUNDUP((C18*D18*F18*G18),5) -> 6.48
A19: b | B19: Pembesian Besi Beton D13 mm | C19: =((0.52+0.07)*2)+0.05 -> 1.23 | D19: 1.04 | E19: 4 | F19: 2 | G19: =G17 -> 18 | H19: =C19*D19*E19*F19*G19 -> 184.2048 | I19: kg | J19: =ROUND((H19),2) -> 184.2
A20: c | B20: Cor Site Mix 1 : 2 : 3 | C20: 0.6 | D20: 0.6 | E20: 0.15 | G20: =G19 -> 18 | H20: =ROUNDUP((C20*D20*E20*G20),5) -> 0.972 | I20: m³ | J20: =ROUND((H20),2) -> 0.97
A21: 2.2. | B21: Pekerjaan Kolom Precast 15/15 cm (28 bh) | J21: =ROUND((H21),2) -> 0
A22: a | B22: Pekerjaan Bekesting Kolom | F22: sisi | J22: =ROUND((H22),2) -> 0 | K22: kolom A | L22: kolom B | M22: kolom C
B23: 27 | D23: 0.15 | E23: 2.75 | F23: 4 | G23: 2 | H23: =D23*E23*F23*G23 -> 3.3 | K23: 4.161 | L23: 4.161 | M23: 4.161 | R23: 5
B24: 28 | D24: =D23 -> 0.15 | E24: 2.75 | F24: =F23 -> 4 | G24: =G23 -> 2 | H24: =D24*E24*F24*G24 -> 3.3 | K24: 4.071 | L24: 4.071 | M24: 4.071
B25: 29 | D25: =D24 -> 0.15 | E25: 2.75 | F25: =F24 -> 4 | G25: =G24 -> 2 | H25: =D25*E25*F25*G25 -> 3.3 | K25: 3.98 | L25: 3.98 | M25: 3.98
A26: bordes | B26: 31 | D26: =D25 -> 0.15 | E26: 1.35 | F26: =F25 -> 4 | G26: =G25 -> 2 | H26: =D26*E26*F26*G26 -> 1.62 | K26: 3.873 | L26: 3.873 | M26: 3.873
A27: bordes | B27: =B26+1 -> 32 | D27: =D26 -> 0.15 | E27: 1.35 | F27: =F26 -> 4 | G27: =G26 -> 2 | H27: =D27*E27*F27*G27 -> 1.62 | K27: 3.755 | L27: 3.755 | M27: 3.755 | R27: 4.75
A28: bordes | B28: 33 | D28: =D27 -> 0.15 | E28: 1.35 | F28: =F27 -> 4 | G28: 2 | H28: =D28*E28*F28*G28 -> 1.62 | K28: 0.872 | L28: 0.872 | M28: 0.872
B29: 35 | D29: =D28 -> 0.15 | E29: =E25 -> 2.75 | F29: =F28 -> 4 | G29: =G28 -> 2 | H29: =D29*E29*F29*G29 -> 3.3 | K29: 0.82 | L29: 0.82 | M29: 0.82
B30: =B29+1 -> 36 | D30: =D29 -> 0.15 | E30: =E29 -> 2.75 | F30: =F29 -> 4 | G30: =G29 -> 2 | H30: =D30*E30*F30*G30 -> 3.3 | K30: 0.75 | L30: 0.75 | M30: 0.75
B31: =B30+1 -> 37 | D31: =D30 -> 0.15 | E31: =E30 -> 2.75 | F31: =F30 -> 4 | G31: =G30 -> 2 | H31: =D31*E31*F31*G31 -> 3.3 | K31: 0.715 | L31: 0.715 | M31: 0.715
B32: 14 | D32: =D31 -> 0.15 | E32: 3.407 | F32: =F31 -> 4 | G32: 0 | H32: =D32*E32*F32*G32 -> 0 | K32: 3.403 | L32: 3.403 | M32: 3.403 | R32: 4.5
B33: =B32+1 -> 15 | D33: =D32 -> 0.15 | E33: 3.407 | F33: =F32 -> 4 | G33: =G32 -> 0 | H33: =D33*E33*F33*G33 -> 0 | K33: 3.396 | L33: 3.396 | M33: 3.396
B34: =B33+1 -> 16 | D34: =D33 -> 0.15 | E34: 3.4 | F34: =F33 -> 4 | G34: =G33 -> 0 | H34: =D34*E34*F34*G34 -> 0 | K34: 3.389 | L34: 3.389 | M34: 3.389
B35: =B34+1 -> 17 | D35: =D34 -> 0.15 | E35: 3.393 | F35: =F34 -> 4 | G35: =G34 -> 0 | H35: =D35*E35*F35*G35 -> 0 | K35: 3.391 | L35: 3.391 | M35: 3.391
B36: =B35+1 -> 18 | D36: =D35 -> 0.15 | E36: 3.386 | F36: =F35 -> 4 | G36: =G35 -> 0 | H36: =D36*E36*F36*G36 -> 0 | K36: 3.402 | L36: 3.402 | M36: 3.402
H37: =ROUNDUP((SUM(H23:H36)),5) -> 24.66 | I37: m² | J37: =ROUND((H37),2) -> 24.66
A38: b | B38: Pembesian Besi Beton D13 mm s/d stek 50 cm ke Lantai
B39: Overlap ke Tapak | C39: 0.2 | H39: =C39 -> 0.2
B40: Overlap ke Lantai | C40: 0.5 | H40: =C40 -> 0.5
D41: Panjang Kolom sisi atas | G41: Total Overlap | H41: =SUM(H39:H40) -> 0.7 | I41: m¹ | J41: =ROUND((H41),2) -> 0.7
B42: =B23 -> 27 | C42: =E23 -> 2.75 | D42: =H$41 -> 0.7 | E42: =13*13*0.006165 -> 1.041885 | F42: 4 | G42: 2 | H42: =(C42+D42)*E42*F42*G42 -> 28.756026
B43: =B24 -> 28 | C43: =E24 -> 2.75 | D43: =H$41 -> 0.7 | E43: =E42 -> 1.041885 | F43: =F42 -> 4 | G43: =G42 -> 2 | H43: =(C43+D43)*E43*F43*G43 -> 28.756026
B44: =B25 -> 29 | C44: =E25 -> 2.75 | D44: =H$41 -> 0.7 | E44: =E43 -> 1.041885 | F44: =F43 -> 4 | G44: =G43 -> 2 | H44: =(C44+D44)*E44*F44*G44 -> 28.756026
B45: =B26 -> 31 | C45: =E26 -> 1.35 | D45: =H$41 -> 0.7 | E45: =E44 -> 1.041885 | F45: =F44 -> 4 | G45: =G44 -> 2 | H45: =(C45+D45)*E45*F45*G45 -> 17.086914
B46: =B27 -> 32 | C46: =E27 -> 1.35 | D46: =H$41 -> 0.7 | E46: =E45 -> 1.041885 | F46: =F45 -> 4 | G46: =G45 -> 2 | H46: =(C46+D46)*E46*F46*G46 -> 17.086914
B47: =B28 -> 33 | C47: =E28 -> 1.35 | D47: =H$41 -> 0.7 | E47: =E46 -> 1.041885 | F47: =F46 -> 4 | G47: =G46 -> 2 | H47: =(C47+D47)*E47*F47*G47 -> 17.086914
B48: =B29 -> 35 | C48: =E29 -> 2.75 | D48: =H$41 -> 0.7 | E48: =E47 -> 1.041885 | F48: =F47 -> 4 | G48: =G47 -> 2 | H48: =(C48+D48)*E48*F48*G48 -> 28.756026
B49: =B30 -> 36 | C49: =E30 -> 2.75 | D49: =H$41 -> 0.7 | E49: =E48 -> 1.041885 | F49: =F48 -> 4 | G49: =G48 -> 2 | H49: =(C49+D49)*E49*F49*G49 -> 28.756026
B50: =B31 -> 37 | C50: =E31 -> 2.75 | D50: =H$41 -> 0.7 | E50: =E49 -> 1.041885 | F50: =F49 -> 4 | G50: =G49 -> 2 | H50: =(C50+D50)*E50*F50*G50 -> 28.756026
B51: =B32 -> 14 | C51: =E32 -> 3.407 | D51: =H$41 -> 0.7 | E51: =E50 -> 1.041885 | F51: =F50 -> 4 | G51: 0 | H51: =(C51+D51)*E51*F51*G51 -> 0
B52: =B33 -> 15 | C52: =E33 -> 3.407 | D52: =H$41 -> 0.7 | E52: =E51 -> 1.041885 | F52: =F51 -> 4 | G52: =G51 -> 0 | H52: =(C52+D52)*E52*F52*G52 -> 0
B53: =B34 -> 16 | C53: =E34 -> 3.4 | D53: =H$41 -> 0.7 | E53: =E52 -> 1.041885 | F53: =F52 -> 4 | G53: =G52 -> 0 | H53: =(C53+D53)*E53*F53*G53 -> 0
B54: =B35 -> 17 | C54: =E35 -> 3.393 | D54: =H$41 -> 0.7 | E54: =E53 -> 1.041885 | F54: =F53 -> 4 | G54: =G53 -> 0 | H54: =(C54+D54)*E54*F54*G54 -> 0
B55: =B36 -> 18 | C55: =E36 -> 3.386 | D55: =H$41 -> 0.7 | E55: =E54 -> 1.041885 | F55: =F54 -> 4 | G55: =G54 -> 0 | H55: =(C55+D55)*E55*F55*G55 -> 0
H56: =ROUNDUP((SUM(H42:H55)),5) -> 223.7969 | I56: kg | J56: =ROUND((H56),2) -> 223.8
A57: c | B57: Pembesian Besi Beton Ø 6 mm | D57: BJ Ø 6 mm | E57: Tambahan Tinggi Kolom
B58: =B42 -> 27 | C58: =(0.09*4)+0.05 -> 0.41 | D58: =6*6*0.006165 -> 0.22194 | F58: =ROUNDUP(E23/0.15,0.5) -> 19 | G58: 2 | H58: =C58*D58*(E58+F58)*G58 -> 3.4578252
B59: =B43 -> 28 | C59: =C58 -> 0.41 | D59: =D58 -> 0.22194 | F59: =ROUNDUP(E24/0.15,0.5) -> 19 | G59: =G58 -> 2 | H59: =C59*D59*(E59+F59)*G59 -> 3.4578252
B60: =B44 -> 29 | C60: =C59 -> 0.41 | D60: =D59 -> 0.22194 | F60: =ROUNDUP(E25/0.15,0.5) -> 19 | G60: =G59 -> 2 | H60: =C60*D60*(E60+F60)*G60 -> 3.4578252
B61: =B45 -> 31 | C61: =C60 -> 0.41 | D61: =D60 -> 0.22194 | F61: =ROUNDUP(E26/0.15,0.5) -> 9 | G61: =G60 -> 2 | H61: =C61*D61*(E61+F61)*G61 -> 1.6379172
B62: =B46 -> 32 | C62: =C61 -> 0.41 | D62: =D61 -> 0.22194 | F62: =ROUNDUP(E27/0.15,0.5) -> 9 | G62: =G61 -> 2 | H62: =C62*D62*(E62+F62)*G62 -> 1.6379172
B63: =B47 -> 33 | C63: =C62 -> 0.41 | D63: =D62 -> 0.22194 | F63: =ROUNDUP(E28/0.15,0.5) -> 9 | G63: =G62 -> 2 | H63: =C63*D63*(E63+F63)*G63 -> 1.6379172
B64: =B48 -> 35 | C64: =C63 -> 0.41 | D64: =D63 -> 0.22194 | F64: =ROUNDUP(E29/0.15,0.5) -> 19 | G64: =G63 -> 2 | H64: =C64*D64*(E64+F64)*G64 -> 3.4578252
B65: =B49 -> 36 | C65: =C64 -> 0.41 | D65: =D64 -> 0.22194 | F65: =ROUNDUP(E30/0.15,0.5) -> 19 | G65: =G64 -> 2 | H65: =C65*D65*(E65+F65)*G65 -> 3.4578252
B66: =B50 -> 37 | C66: =C65 -> 0.41 | D66: =D65 -> 0.22194 | F66: =ROUNDUP(E31/0.15,0.5) -> 19 | G66: =G65 -> 2 | H66: =C66*D66*(E66+F66)*G66 -> 3.4578252
B67: =B51 -> 14 | C67: =C66 -> 0.41 | D67: =D66 -> 0.22194 | F67: =ROUNDUP(E32/0.125,0.5) -> 28 | G67: 0 | H67: =C67*D67*(E67+F67)*G67 -> 0
B68: =B52 -> 15 | C68: =C67 -> 0.41 | D68: =D67 -> 0.22194 | F68: =ROUNDUP(E33/0.125,0.5) -> 28 | G68: =G67 -> 0 | H68: =C68*D68*(E68+F68)*G68 -> 0
B69: =B53 -> 16 | C69: =C68 -> 0.41 | D69: =D68 -> 0.22194 | F69: =ROUNDUP(E34/0.125,0.5) -> 28 | G69: =G68 -> 0 | H69: =C69*D69*(E69+F69)*G69 -> 0
B70: =B54 -> 17 | C70: =C69 -> 0.41 | D70: =D69 -> 0.22194 | F70: =ROUNDUP(E35/0.125,0.5) -> 28 | G70: =G69 -> 0 | H70: =C70*D70*(E70+F70)*G70 -> 0
B71: =B55 -> 18 | C71: =C70 -> 0.41 | D71: =D70 -> 0.22194 | F71: =ROUNDUP(E36/0.125,0.5) -> 28 | G71: =G70 -> 0 | H71: =C71*D71*(E71+F71)*G71 -> 0
H72: =ROUNDUP((SUM(H58:H71)),5) -> 25.66071 | I72: kg | J72: =ROUND((H72),2) -> 25.66
A73: d | B73: Cor Site Mix 1 : 2 : 3
B74: =B58 -> 27 | C74: 0.15 | D74: 0.15 | E74: =E23 -> 2.75 | G74: 2 | H74: =C74*D74*E74*G74 -> 0.12375
B75: =B59 -> 28 | C75: =C74 -> 0.15 | D75: =D74 -> 0.15 | E75: =E24 -> 2.75 | G75: =G74 -> 2 | H75: =C75*D75*E75*G75 -> 0.12375
B76: =B60 -> 29 | C76: =C75 -> 0.15 | D76: =D75 -> 0.15 | E76: =E25 -> 2.75 | G76: =G75 -> 2 | H76: =C76*D76*E76*G76 -> 0.12375
B77: =B61 -> 31 | C77: =C76 -> 0.15 | D77: =D76 -> 0.15 | E77: =E26 -> 1.35 | G77: =G76 -> 2 | H77: =C77*D77*E77*G77 -> 0.06075
B78: =B62 -> 32 | C78: =C77 -> 0.15 | D78: =D77 -> 0.15 | E78: =E27 -> 1.35 | G78: =G77 -> 2 | H78: =C78*D78*E78*G78 -> 0.06075
B79: =B63 -> 33 | C79: =C78 -> 0.15 | D79: =D78 -> 0.15 | E79: =E28 -> 1.35 | G79: =G78 -> 2 | H79: =C79*D79*E79*G79 -> 0.06075
B80: =B64 -> 35 | C80: =C79 -> 0.15 | D80: =D79 -> 0.15 | E80: =E29 -> 2.75 | G80: =G79 -> 2 | H80: =C80*D80*E80*G80 -> 0.12375
B81: =B65 -> 36 | C81: =C80 -> 0.15 | D81: =D80 -> 0.15 | E81: =E30 -> 2.75 | G81: =G80 -> 2 | H81: =C81*D81*E81*G81 -> 0.12375
B82: =B66 -> 37 | C82: =C81 -> 0.15 | D82: =D81 -> 0.15 | E82: =E31 -> 2.75 | G82: =G81 -> 2 | H82: =C82*D82*E82*G82 -> 0.12375
B83: =B67 -> 14 | C83: =C82 -> 0.15 | D83: =D82 -> 0.15 | E83: =E32 -> 3.407 | G83: 0 | H83: =C83*D83*E83*G83 -> 0
B84: =B68 -> 15 | C84: =C83 -> 0.15 | D84: =D83 -> 0.15 | E84: =E33 -> 3.407 | G84: =G83 -> 0 | H84: =C84*D84*E84*G84 -> 0
B85: =B69 -> 16 | C85: =C84 -> 0.15 | D85: =D84 -> 0.15 | E85: =E34 -> 3.4 | G85: =G84 -> 0 | H85: =C85*D85*E85*G85 -> 0
B86: =B70 -> 17 | C86: =C85 -> 0.15 | D86: =D85 -> 0.15 | E86: =E35 -> 3.393 | G86: =G85 -> 0 | H86: =C86*D86*E86*G86 -> 0
B87: =B71 -> 18 | C87: =C86 -> 0.15 | D87: =D86 -> 0.15 | E87: =E36 -> 3.386 | G87: =G86 -> 0 | H87: =C87*D87*E87*G87 -> 0
H88: =ROUNDUP((SUM(H74:H87)),5) -> 0.92475 | I88: m² | J88: =ROUND((H88),2) -> 0.92
A89: 8.3. | B89: Pekerjaan Demobilisasi Kolom Dan Tapak Precast termasuk pasang Penyokong/Pengaku Tiang | H89: =N17 -> 18 | I89: bh | J89: =ROUND((H89),2) -> 18
A90: =A15+1 -> 3 | B90: Pekerjaan Balok Bawah | J90: =ROUND((H90),2) -> 0
A91: a | B91: Pekerjaan Bekesting Balok | J91: =ROUND((H91),2) -> 0
B92: Vertikal - sisi samping | C92: 1.35 | D92: 0.15 | F92: 2 | G92: =2*6 -> 12 | H92: =C92*D92*F92*G92 -> 4.86
B93: Vertikal - sisi bawah | C93: 1.35 | D93: 0.15 | F93: 1 | G93: =G92 -> 12 | H93: =C93*D93*F93*G93 -> 2.43
B94: Horizontal - sisi samping | C94: 1.35 | D94: 0.15 | F94: 2 | G94: =2*3 -> 6 | H94: =C94*D94*F94*G94 -> 2.43
B95: Horizontal - sisi bawah | C95: 1.35 | D95: 0.15 | F95: 1 | G95: =G94 -> 6 | H95: =C95*D95*F95*G95 -> 1.215
H96: =ROUNDUP((SUM(H92:H95)),5) -> 10.935 | I96: m² | J96: =ROUND((H96),2) -> 10.94
A97: b | B97: Pembesian Besi Beton D 13 mm | C97: Pj Btg | D97: Bj | E97: Jml Btg | F97: Jml Balok
B98: Vertikal | C98: 1.5 | D98: =13*13*0.006165 -> 1.041885 | E98: 4 | F98: =G92 -> 12 | H98: =C98*D98*E98*F98 -> 75.01572
B99: Horizontal + stek | C99: 1.5 | D99: =13*13*0.006165 -> 1.041885 | E99: 4 | F99: =G94 -> 6 | H99: =C99*D99*E99*F99 -> 37.50786 | K99: panjang tambah bordes bawah
H100: =ROUNDUP((SUM(H98:H99)),5) -> 112.52358 | I100: kg | J100: =ROUND((H100),2) -> 112.52 | K100: 1416.16
A101: c | B101: Pembesian Besi Beton Ø 6 mm | C101: Pj Btg | D101: Bj | G101: Jml begel
B102: Vertikal | C102: =(0.09*4)+0.05 -> 0.41 | D102: =6*6*0.006165 -> 0.22194 | F102: =F98 -> 12 | G102: =C98/0.15 -> 10 | H102: =C102*D102*F102*G102 -> 10.919448
B103: Horizontal | C103: =(0.09*4)+0.05 -> 0.41 | D103: =6*6*0.006165 -> 0.22194 | F103: =F99 -> 6 | G103: =C99/0.15 -> 10 | H103: =C103*D103*F103*G103 -> 5.459724
H104: =ROUNDUP((SUM(H102:H103)),5) -> 16.37918 | I104: kg | J104: =ROUND((H104),2) -> 16.38 | K104: 16.0152
A105: d | B105: Cor Site Mix 1 : 2 : 3
B106: Vertikal | C106: =C93 -> 1.35 | D106: 0.15 | E106: 0.15 | F106: =F102 -> 12 | H106: =C106*D106*E106*F106 -> 0.3645
...

Sheet 1 Vol Tmbtn Prhu 15-15
A4: PERHITUNGAN TALUD DINDING PENAHAN TANAH
A6: NO | B6: JENIS PEKERJAAN | C6: PANJANG | D6: LEBAR | E6: TINGGI | F6: JUMLAH | G6: UNIT | H6: VOLUME | I6: SAT | J6: PEMBULATAN | K6: =#VALUE! -> #VALUE!
A9: I | B9: Pekerjaan Tambatan Perahu (4X50) m²
A10: 1 | B10: Pekerjaan Perancah untuk Pekerjaan Tambatan Perahu (badan kontruksi & 2 sisi Jalan bantu L = 1,2 m) | C10: 54 | D10: 1.5 | H10: =ROUNDUP((C10*D10),0.5) -> 81
C11: =C10 -> 54 | D11: 3 | H11: =ROUNDUP((C11*D11),0.5) -> 162
H12: =ROUNDUP((SUM(H10:H11)),5) -> 243 | I12: m² | J12: =ROUND((H12),2) -> 243
A13: =A10+1 -> 2 | B13: Pekerjaan Bongkaran Perancah | H13: 1 | I13: ls | J13: =ROUND((H13),2) -> 1
A14: =A13+1 -> 3 | B14: Pekerjaan Bongkaran Tambatan Existing | H14: 1 | I14: ls | J14: =ROUND((H14),2) -> 1
A15: =A14+1 -> 4 | B15: Pekerjaan Tapak dan Kolom Precast | J15: =ROUND((H15),2) -> 0
A16: 8.1. | B16: Pekerjaan Pondasi Tapak Precast 15x60x60 cm | J16: =ROUND((H16),2) -> 0 | L16: AS Hz | M16: AS Vert
A17: a | B17: Pekerjaan Bekesting Pondasi | C17: 0.6 | D17: 0.15 | F17: 4 | G17: =N17 -> 108 | H17: =ROUNDUP((C17*D17*F17*G17),5)+H18 -> 77.76 | I17: m² | J17: =ROUND((H17),2) -> 77.76 | L17: =ROUNDUP(C11/1.5,0.1) -> 36 | M17: 3 | N17: =L17*M17 -> 108
B18: SISI BAWAH | C18: 0.6 | D18: 0.6 | F18: 1 | G18: =G17 -> 108 | H18: =ROUNDUP((C18*D18*F18*G18),5) -> 38.88
A19: b | B19: Pembesian Besi Beton D13 mm | C19: =((0.52+0.07)*2)+0.05 -> 1.23 | D19: =13*13*0.006165 -> 1.041885 | E19: 4 | F19: 2 | G19: =G17 -> 108 | H19: =C19*D19*E19*F19*G19 -> 1107.232 | I19: kg | J19: =ROUND((H19),2) -> 1107.23
A20: c | B20: Cor Site Mix 1 : 2 : 3 | C20: 0.6 | D20: 0.6 | E20: 0.15 | G20: =G19 -> 108 | H20: =ROUNDUP((C20*D20*E20*G20),5) -> 5.832 | I20: m³ | J20: =ROUND((H20),2) -> 5.83
A21: 8.2. | B21: Pekerjaan Kolom Precast 15/15 cm
A22: a | B22: Pekerjaan Bekesting Kolom
B23: 1 | D23: 0.15 | E23: 4 | F23: 4 | G23: =G20 -> 108 | H23: =D23*E23*F23*G23 -> 259.2 | R23: 5
B24: 2 | D24: =D23 -> 0.15 | E24: 4.204 | F24: =F23 -> 4 | G24: 0 | H24: =D24*E24*F24*G24 -> 0
B25: 3 | D25: =D24 -> 0.15 | E25: 4.119 | F25: =F24 -> 4 | G25: =G24 -> 0 | H25: =D25*E25*F25*G25 -> 0
B26: =B25+1 -> 4 | D26: =D25 -> 0.15 | E26: 4.028 | F26: =F25 -> 4 | G26: =G25 -> 0 | H26: =D26*E26*F26*G26 -> 0
B27: =B26+1 -> 5 | D27: =D26 -> 0.15 | E27: 3.938 | F27: =F26 -> 4 | G27: =G26 -> 0 | H27: =D27*E27*F27*G27 -> 0 | R27: 4.75
B28: =B27+1 -> 6 | D28: =D27 -> 0.15 | E28: 3.801 | F28: =F27 -> 4 | G28: =G27 -> 0 | H28: =D28*E28*F28*G28 -> 0
B29: =B28+1 -> 7 | D29: =D28 -> 0.15 | E29: 3.716 | F29: =F28 -> 4 | G29: =G28 -> 0 | H29: =D29*E29*F29*G29 -> 0
B30: =B29+1 -> 8 | D30: =D29 -> 0.15 | E30: 3.653 | F30: =F29 -> 4 | G30: =G29 -> 0 | H30: =D30*E30*F30*G30 -> 0
B31: =B30+1 -> 9 | D31: =D30 -> 0.15 | E31: 3.6 | F31: =F30 -> 4 | G31: =G30 -> 0 | H31: =D31*E31*F31*G31 -> 0
B32: =B31+1 -> 10 | D32: =D31 -> 0.15 | E32: 3.548 | F32: =F31 -> 4 | G32: =G31 -> 0 | H32: =D32*E32*F32*G32 -> 0 | R32: 4.5
B33: =B32+1 -> 11 | D33: =D32 -> 0.15 | E33: 3.496 | F33: =F32 -> 4 | G33: =G32 -> 0 | H33: =D33*E33*F33*G33 -> 0
B34: =B33+1 -> 12 | D34: =D33 -> 0.15 | E34: 3.443 | F34: =F33 -> 4 | G34: =G33 -> 0 | H34: =D34*E34*F34*G34 -> 0
B35: =B34+1 -> 13 | D35: =D34 -> 0.15 | E35: 3.402 | F35: =F34 -> 4 | G35: =G34 -> 0 | H35: =D35*E35*F35*G35 -> 0
B36: =B35+1 -> 14 | D36: =D35 -> 0.15 | E36: 3.407 | F36: =F35 -> 4 | G36: =G35 -> 0 | H36: =D36*E36*F36*G36 -> 0
B37: =B36+1 -> 15 | D37: =D36 -> 0.15 | E37: 3.407 | F37: =F36 -> 4 | G37: =G36 -> 0 | H37: =D37*E37*F37*G37 -> 0
B38: =B37+1 -> 16 | D38: =D37 -> 0.15 | E38: 3.4 | F38: =F37 -> 4 | G38: =G37 -> 0 | H38: =D38*E38*F38*G38 -> 0
B39: =B38+1 -> 17 | D39: =D38 -> 0.15 | E39: 3.393 | F39: =F38 -> 4 | G39: =G38 -> 0 | H39: =D39*E39*F39*G39 -> 0
B40: =B39+1 -> 18 | D40: =D39 -> 0.15 | E40: 3.386 | F40: =F39 -> 4 | G40: =G39 -> 0 | H40: =D40*E40*F40*G40 -> 0
B41: =B40+1 -> 19 | D41: =D40 -> 0.15 | E41: 3.396 | F41: =F40 -> 4 | G41: =G40 -> 0 | H41: =D41*E41*F41*G41 -> 0 | R41: 4.25
B42: =B41+1 -> 20 | D42: =D41 -> 0.15 | E42: 3.407 | F42: =F41 -> 4 | G42: =G41 -> 0 | H42: =D42*E42*F42*G42 -> 0
B43: =B42+1 -> 21 | D43: =D42 -> 0.15 | E43: 3.345 | F43: =F42 -> 4 | G43: =G42 -> 0 | H43: =D43*E43*F43*G43 -> 0
B44: =B43+1 -> 22 | D44: =D43 -> 0.15 | E44: 3.263 | F44: =F43 -> 4 | G44: =G43 -> 0 | H44: =D44*E44*F44*G44 -> 0
B45: =B44+1 -> 23 | D45: =D44 -> 0.15 | E45: 3.258 | F45: =F44 -> 4 | G45: =G44 -> 0 | H45: =D45*E45*F45*G45 -> 0
B46: =B45+1 -> 24 | D46: =D45 -> 0.15 | E46: 3.253 | F46: =F45 -> 4 | G46: =G45 -> 0 | H46: =D46*E46*F46*G46 -> 0
B47: =B46+1 -> 25 | D47: =D46 -> 0.15 | E47: 3.243 | F47: =F46 -> 4 | G47: =G46 -> 0 | H47: =D47*E47*F47*G47 -> 0
B48: =B47+1 -> 26 | D48: =D47 -> 0.15 | E48: 3.232 | F48: =F47 -> 4 | G48: =G47 -> 0 | H48: =D48*E48*F48*G48 -> 0
B49: =B48+1 -> 27 | D49: =D48 -> 0.15 | E49: 3.222 | F49: =F48 -> 4 | G49: =G48 -> 0 | H49: =D49*E49*F49*G49 -> 0
B50: =B49+1 -> 28 | D50: =D49 -> 0.15 | E50: 3.211 | F50: =F49 -> 4 | G50: =G49 -> 0 | H50: =D50*E50*F50*G50 -> 0 | R50: 4
B51: =B50+1 -> 29 | D51: =D50 -> 0.15 | E51: 3.198 | F51: =F50 -> 4 | G51: =G50 -> 0 | H51: =D51*E51*F51*G51 -> 0
B52: =B51+1 -> 30 | D52: =D51 -> 0.15 | E52: 3.184 | F52: =F51 -> 4 | G52: =G51 -> 0 | H52: =D52*E52*F52*G52 -> 0
B53: =B52+1 -> 31 | D53: =D52 -> 0.15 | E53: 3.172 | F53: =F52 -> 4 | G53: =G52 -> 0 | H53: =D53*E53*F53*G53 -> 0
B54: =B53+1 -> 32 | D54: =D53 -> 0.15 | E54: 3.159 | F54: =F53 -> 4 | G54: =G53 -> 0 | H54: =D54*E54*F54*G54 -> 0
B55: =B54+1 -> 33 | D55: =D54 -> 0.15 | E55: 3.147 | F55: =F54 -> 4 | G55: =G54 -> 0 | H55: =D55*E55*F55*G55 -> 0
B56: =B55+1 -> 34 | D56: =D55 -> 0.15 | E56: 3.137 | F56: =F55 -> 4 | G56: =G55 -> 0 | H56: =D56*E56*F56*G56 -> 0
B57: =B56+1 -> 35 | D57: =D56 -> 0.15 | E57: 3.129 | F57: =F56 -> 4 | G57: =G56 -> 0 | H57: =D57*E57*F57*G57 -> 0
B58: =B57+1 -> 36 | D58: =D57 -> 0.15 | E58: 3.121 | F58: =F57 -> 4 | G58: =G57 -> 0 | H58: =D58*E58*F58*G58 -> 0
B59: =B58+1 -> 37 | D59: =D58 -> 0.15 | E59: 3.118 | F59: =F58 -> 4 | G59: =G58 -> 0 | H59: =D59*E59*F59*G59 -> 0 | R59: 3.75
B60: =B59+1 -> 38 | D60: =D59 -> 0.15 | E60: 3.116 | F60: =F59 -> 4 | G60: =G59 -> 0 | H60: =D60*E60*F60*G60 -> 0
B61: =B60+1 -> 39 | D61: =D60 -> 0.15 | E61: 3.111 | F61: =F60 -> 4 | G61: =G60 -> 0 | H61: =D61*E61*F61*G61 -> 0
B62: =B61+1 -> 40 | D62: =D61 -> 0.15 | E62: 3.103 | F62: =F61 -> 4 | G62: =G61 -> 0 | H62: =D62*E62*F62*G62 -> 0
B63: =B62+1 -> 41 | D63: =D62 -> 0.15 | E63: 3.096 | F63: =F62 -> 4 | G63: =G62 -> 0 | H63: =D63*E63*F63*G63 -> 0
B64: =B63+1 -> 42 | D64: =D63 -> 0.15 | E64: 3.088 | F64: =F63 -> 4 | G64: =G63 -> 0 | H64: =D64*E64*F64*G64 -> 0
B65: =B64+1 -> 43 | D65: =D64 -> 0.15 | E65: 3.08 | F65: =F64 -> 4 | G65: =G64 -> 0 | H65: =D65*E65*F65*G65 -> 0
B66: =B65+1 -> 44 | D66: =D65 -> 0.15 | E66: 3.072 | F66: =F65 -> 4 | G66: =G65 -> 0 | H66: =D66*E66*F66*G66 -> 0
B67: =B66+1 -> 45 | D67: =D66 -> 0.15 | E67: 3.065 | F67: =F66 -> 4 | G67: =G66 -> 0 | H67: =D67*E67*F67*G67 -> 0
B68: =B67+1 -> 46 | D68: =D67 -> 0.15 | E68: 3.059 | F68: =F67 -> 4 | G68: =G67 -> 0 | H68: =D68*E68*F68*G68 -> 0
B69: =B68+1 -> 47 | D69: =D68 -> 0.15 | E69: 3.053 | F69: =F68 -> 4 | G69: =G68 -> 0 | H69: =D69*E69*F69*G69 -> 0 | R69: 3.5
B70: =B69+1 -> 48 | D70: =D69 -> 0.15 | E70: 3.047 | F70: =F69 -> 4 | G70: =G69 -> 0 | H70: =D70*E70*F70*G70 -> 0
B71: =B70+1 -> 49 | D71: =D70 -> 0.15 | E71: 3.041 | F71: =F70 -> 4 | G71: =G70 -> 0 | H71: =D71*E71*F71*G71 -> 0
B72: =B71+1 -> 50 | D72: =D71 -> 0.15 | E72: 3.036 | F72: =F71 -> 4 | G72: =G71 -> 0 | H72: =D72*E72*F72*G72 -> 0
B73: =B72+1 -> 51 | D73: =D72 -> 0.15 | E73: 3.033 | F73: =F72 -> 4 | G73: =G72 -> 0 | H73: =D73*E73*F73*G73 -> 0
B74: =B73+1 -> 52 | D74: =D73 -> 0.15 | E74: 3.031 | F74: =F73 -> 4 | G74: =G73 -> 0 | H74: =D74*E74*F74*G74 -> 0
B75: =B74+1 -> 53 | D75: =D74 -> 0.15 | E75: 3.029 | F75: =F74 -> 4 | G75: =G74 -> 0 | H75: =D75*E75*F75*G75 -> 0
B76: =B75+1 -> 54 | D76: =D75 -> 0.15 | E76: 3.028 | F76: =F75 -> 4 | G76: =G75 -> 0 | H76: =D76*E76*F76*G76 -> 0
B77: =B76+1 -> 55 | D77: =D76 -> 0.15 | E77: 3.03 | F77: =F76 -> 4 | G77: =G76 -> 0 | H77: =D77*E77*F77*G77 -> 0
B78: =B77+1 -> 56 | D78: =D77 -> 0.15 | E78: 3.033 | F78: =F77 -> 4 | G78: =G77 -> 0 | H78: =D78*E78*F78*G78 -> 0
B79: =B78+1 -> 57 | D79: =D78 -> 0.15 | E79: 3.02 | F79: =F78 -> 4 | G79: =G78 -> 0 | H79: =D79*E79*F79*G79 -> 0 | R79: 3.25
B80: =B79+1 -> 58 | D80: =D79 -> 0.15 | E80: 3.006 | F80: =F79 -> 4 | G80: =G79 -> 0 | H80: =D80*E80*F80*G80 -> 0
B81: =B80+1 -> 59 | D81: =D80 -> 0.15 | E81: 2.993 | F81: =F80 -> 4 | G81: =G80 -> 0 | H81: =D81*E81*F81*G81 -> 0
B82: =B81+1 -> 60 | D82: =D81 -> 0.15 | E82: 2.982 | F82: =F81 -> 4 | G82: =G81 -> 0 | H82: =D82*E82*F82*G82 -> 0
B83: =B82+1 -> 61 | D83: =D82 -> 0.15 | E83: 2.975 | F83: =F82 -> 4 | G83: =G82 -> 0 | H83: =D83*E83*F83*G83 -> 0
B84: =B83+1 -> 62 | D84: =D83 -> 0.15 | E84: 2.975 | F84: =F83 -> 4 | G84: =G83 -> 0 | H84: =D84*E84*F84*G84 -> 0
B85: =B84+1 -> 63 | D85: =D84 -> 0.15 | E85: 2.98 | F85: =F84 -> 4 | G85: =G84 -> 0 | H85: =D85*E85*F85*G85 -> 0
B86: =B85+1 -> 64 | D86: =D85 -> 0.15 | E86: 2.982 | F86: =F85 -> 4 | G86: =G85 -> 0 | H86: =D86*E86*F86*G86 -> 0
B87: =B86+1 -> 65 | D87: =D86 -> 0.15 | E87: 2.987 | F87: =F86 -> 4 | G87: =G86 -> 0 | H87: =D87*E87*F87*G87 -> 0
B88: =B87+1 -> 66 | D88: =D87 -> 0.15 | E88: 2.964 | F88: =F87 -> 4 | G88: =G87 -> 0 | H88: =D88*E88*F88*G88 -> 0 | R88: 3
B89: =B88+1 -> 67 | D89: =D88 -> 0.15 | E89: 2.929 | F89: =F88 -> 4 | G89: =G88 -> 0 | H89: =D89*E89*F89*G89 -> 0
B90: =B89+1 -> 68 | D90: =D89 -> 0.15 | E90: 2.974 | F90: =F89 -> 4 | G90: =G89 -> 0 | H90: =D90*E90*F90*G90 -> 0
B91: =B90+1 -> 69 | D91: =D90 -> 0.15 | E91: 2.984 | F91: =F90 -> 4 | G91: =G90 -> 0 | H91: =D91*E91*F91*G91 -> 0
B92: =B91+1 -> 70 | D92: =D91 -> 0.15 | E92: 2.673 | F92: =F91 -> 4 | G92: =G91 -> 0 | H92: =D92*E92*F92*G92 -> 0
B93: =B92+1 -> 71 | D93: =D92 -> 0.15 | E93: 2.662 | F93: =F92 -> 4 | G93: =G92 -> 0 | H93: =D93*E93*F93*G93 -> 0
B94: =B93+1 -> 72 | D94: =D93 -> 0.15 | E94: 2.643 | F94: =F93 -> 4 | G94: =G93 -> 0 | H94: =D94*E94*F94*G94 -> 0
B95: =B94+1 -> 73 | D95: =D94 -> 0.15 | E95: 2.623 | F95: =F94 -> 4 | G95: =G94 -> 0 | H95: =D95*E95*F95*G95 -> 0
B96: =B95+1 -> 74 | D96: =D95 -> 0.15 | E96: 2.615 | F96: =F95 -> 4 | G96: =G95 -> 0 | H96: =D96*E96*F96*G96 -> 0
B97: =B96+1 -> 75 | D97: =D96 -> 0.15 | E97: 2.612 | F97: =F96 -> 4 | G97: =G96 -> 0 | H97: =D97*E97*F97*G97 -> 0
B98: =B97+1 -> 76 | D98: =D97 -> 0.15 | E98: 2.665 | F98: =F97 -> 4 | G98: =G97 -> 0 | H98: =D98*E98*F98*G98 -> 0
B99: =B98+1 -> 77 | D99: =D98 -> 0.15 | E99: 2.821 | F99: =F98 -> 4 | G99: =G98 -> 0 | H99: =D99*E99*F99*G99 -> 0
B100: =B99+1 -> 78 | D100: =D99 -> 0.15 | E100: 2.825 | F100: =F99 -> 4 | G100: =G99 -> 0 | H100: =D100*E100*F100*G100 -> 0
... B120: =B119+1 -> 98 | D120: =D119 -> 0.15 | E120: 2.269 | F120: =F119 -> 4 | G120: =G119 -> 0 | H120: =D120*E120*F120*G120 -> 0
H121: =ROUNDUP((SUM(H23:H120)),5) -> 259.2 | I121: m² | J121: =ROUND((H121),2) -> 259.2
A122: b | B122: Pembesian Besi Beton D13 mm s/d stek 50 cm ke Lantai | J122: =ROUND((H122),2) -> 0
B123: Overlap ke Tapak | C123: 0.2 | H123: =C123 -> 0.2
B124: Overlap ke Lantai | C124: 0.5 | H124: =C124 -> 0.5
D125: Panjang Kolom sisi atas | G125: Total Overlap | H125: =SUM(H123:H124) -> 0.7 | I125: m¹ | J125: =ROUND((H125),2) -> 0.7
...

Sheet RAB
A1: LAMPIRAN MUTUAL CECK (MC-0%)
A3: PROYEK | C3: : | D3: KAMPUNG NELAYAN MERAH PUTIH
A5: LOKASI | C5: : | D5: DESA TAMBAKAGUNG, KEC. KALIORI
D6: KAB. REMBANG - PROVINSI JAWA TENGAH
A7: TAHUN ANGGARAN | C7: : | D7: 2026
M8: =Resume!G37 -> 2.2892654e+09
A9: NO | B9: JENIS PEKERJAAN | E9: VOL | F9: SAT | L9: NILAI KONTRAK | O9: PEKERJAAN TAMBAH | S9: VOLUME KURANG | W9: MC - 0 | AA9: KETERANGAN
L10: HARGA SATUAN | M10: JUMLAH HARGA | N10: BOBOT | O10: VOL | P10: SAT | Q10: JUMLAH HARGA | R10: BOBOT | S10: VOL | T10: SAT | U10: JUMLAH HARGA | V10: BOBOT | W10: VOL | X10: SAT | Y10: JUMLAH HARGA | Z10: BOBOT
G11: HARGA HPS | H11: JUMLAH HPS | I11: HARGA SATUAN | J11: JUMLAH HARGA | K11: TIMPANG | L11: Rp | M11: Rp | N11: PERSEN | Q11: Rp | R11: PERSEN | U11: Rp | V11: PERSEN | Y11: Rp | Z11: PERSEN
A13: I | B13: PEKERJAAN PERSIAPAN
A14: 1 | B14: Buat Bedeng Pekerja Dan Gudang | E14: =5*10 -> 50 | F14: m² | G14: 1405424.9 | H14: =E14*G14 -> 70271248 | I14: ='Resume Analisa'!$D$6 -> 1362404.6 | J14: =E14*I14 -> 68120231 | K14: =IF(H14=0,"",IF(J14<#REF!*H14,"Timpang <"&TEXT(#REF!,"0%"),IF(J14>#REF!*H14,"Timpang >"&TEXT(#REF!,"0%"),"Wajar"))) -> #REF! | L14: 1200000 | M14: =E14*L14 -> 60000000 | N14: =M14/$M$8*100 -> 2.620928 | O14: 0 | Q14: =O14*L14 -> 0 | R14: =Q14/$M$8*100 -> 0 | S14: 0 | U14: =S14*L14 -> 0 | W14: =(E14+O14)-S14 -> 50 | X14: m² | Y14: =W14*L14 -> 60000000 | Z14: =Y14/$M$8*100 -> 2.620928 | AA14: Tetap
A15: =A14+1 -> 2 | B15: Pekerjaan Sewa Rumah untuk Direksi Keetz | E15: 6 | F15: bln | G15: 2500000 | H15: =E15*G15 -> 15000000 | I15: 2579734.6 | J15: =E15*I15 -> 15478408 | K15: =IF(H15=0,"",IF(J15<#REF!*H15,"Timpang <"&TEXT(#REF!,"0%"),IF(J15>#REF!*H15,"Timpang >"&TEXT(#REF!,"0%"),"Wajar"))) -> #REF! | L15: 2200000 | M15: =E15*L15 -> 13200000 | N15: =M15/$M$8*100 -> 0.57660417 | O15: 0 | Q15: =O15*L15 -> 0 | R15: =Q15/$M$8*100 -> 0 | S15: 0 | U15: =S15*L15 -> 0 | W15: =(E15+O15)-S15 -> 6 | X15: bln | Y15: =W15*L15 -> 13200000 | Z15: =Y15/$M$8*100 -> 0.57660417 | AA15: Tetap
A16: =A15+1 -> 3 | B16: Papan Nama Proyek | E16: 1 | F16: bh | G16: 1583875.7 | H16: =E16*G16 -> 1583875.7 | I16: ='Resume Analisa'!$D$7 -> 1545681.2 | J16: =E16*I16 -> 1545681.2 | K16: =IF(H16=0,"",IF(J16<#REF!*H16,"Timpang <"&TEXT(#REF!,"0%"),IF(J16>#REF!*H16,"Timpang >"&TEXT(#REF!,"0%"),"Wajar"))) -> #REF! | L16: 1545681.2 | M16: =E16*L16 -> 1545681.2 | N16: =M16/$M$8*100 -> 0.067518654 | O16: 0 | Q16: =O16*L16 -> 0 | R16: =Q16/$M$8*100 -> 0 | S16: 0 | U16: =S16*L16 -> 0 | W16: =(E16+O16)-S16 -> 1 | X16: bh | Y16: =W16*L16 -> 1545681.2 | Z16: =Y16/$M$8*100 -> 0.067518654 | AA16: Tetap
A17: =A16+1 -> 4 | B17: Listrik Kerja | E17: 6 | F17: bln | G17: 1000000 | H17: =E17*G17 -> 6000000 | I17: 1014075.1 | J17: =E17*I17 -> 6084450.7 | K17: =IF(H17=0,"",IF(J17<#REF!*H17,"Timpang <"&TEXT(#REF!,"0%"),IF(J17>#REF!*H17,"Timpang >"&TEXT(#REF!,"0%"),"Wajar"))) -> #REF! | L17: 1014075.1 | M17: =E17*L17 -> 6084450.7 | N17: =M17/$M$8*100 -> 0.26578179 | O17: 0 | Q17: =O17*L17 -> 0 | R17: =Q17/$M$8*100 -> 0 | S17: 0 | U17: =S17*L17 -> 0 | W17: =(E17+O17)-S17 -> 6 | X17: bln | Y17: =W17*L17 -> 6084450.7 | Z17: =Y17/$M$8*100 -> 0.26578179 | AA17: Tetap
A18: =A17+1 -> 5 | B18: Pekerjaan Pagar Sementara | E18: 100 | F18: m¹ | G18: 471471.94 | H18: =E18*G18 -> 47147194 | I18: ='Resume Analisa'!$D$8 -> 471000.4 | J18: =E18*I18 -> 47100040 | K18: =IF(H18=0,"",IF(J18<#REF!*H18,"Timpang <"&TEXT(#REF!,"0%"),IF(J18>#REF!*H18,"Timpang >"&TEXT(#REF!,"0%"),"Wajar"))) -> #REF! | L18: 350000 | M18: =E18*L18 -> 35000000 | N18: =M18/$M$8*100 -> 1.5288747 | O18: 0 | Q18: =O18*L18 -> 0 | R18: =Q18/$M$8*100 -> 0 | S18: 0 | U18: =S18*L18 -> 0 | W18: =(E18+O18)-S18 -> 100 | X18: m¹ | Y18: =W18*L18 -> 35000000 | Z18: =Y18/$M$8*100 -> 1.5288747 | AA18: Tetap
A19: =A18+1 -> 6 | B19: Pekerjaan Pengadaan SMK3K | Q19: =O19*L19 -> 0 | R19: =Q19/$M$8*100 -> 0 | S19: 0 | U19: =S19*L19 -> 0
A20: 6.1. | B20: Penyiapan RK3K, terdiri atas : | Q20: =O20*L20 -> 0 | R20: =Q20/$M$8*100 -> 0 | S20: 0 | U20: =S20*L20 -> 0
A21: a | B21: Pembuatan Manual, Prosedur, Instruksi Kerja, Ijin Kerja dan Formulir | E21: 2 | F21: set | G21: 1000000 | H21: =E21*G21 -> 2000000 | I21: 1046418.1 | J21: =E21*I21 -> 2092836.1 | K21: =IF(H21=0,"",IF(J21<#REF!*H21,"Timpang <"&TEXT(#REF!,"0%"),IF(J21>#REF!*H21,"Timpang >"&TEXT(#REF!,"0%"),"Wajar"))) -> #REF! | L21: 1046418.1 | M21: =E21*L21 -> 2092836.1 | N21: =M21/$M$8*100 -> 0.091419547 | O21: 0 | Q21: =O21*L21 -> 0 | R21: =Q21/$M$8*100 -> 0 | S21: 0 | U21: =S21*L21 -> 0 | W21: =(E21+O21)-S21 -> 2 | X21: set | Y21: =W21*L21 -> 2092836.1 | Z21: =Y21/$M$8*100 -> 0.091419547 | AA21: Tetap
A22: b | B22: Pembuatan Kartu Identitas Pekerja (KIP) | E22: 50 | F22: org | G22: 7000 | H22: =E22*G22 -> 350000 | I22: 7104.36 | J22: =E22*I22 -> 355218 | K22: =IF(H22=0,"",IF(J22<#REF!*H22,"Timpang <"&TEXT(#REF!,"0%"),IF(J22>#REF!*H22,"Timpang >"&TEXT(#REF!,"0%"),"Wajar"))) -> #REF! | L22: 7104.36 | M22: =E22*L22 -> 355218 | N22: =M22/$M$8*100 -> 0.01551668 | O22: 0 | Q22: =O22*L22 -> 0 | R22: =Q22/$M$8*100 -> 0 | S22: 0 | U22: =S22*L22 -> 0 | W22: =(E22+O22)-S22 -> 50 | X22: org | Y22: =W22*L22 -> 355218 | Z22: =Y22/$M$8*100 -> 0.01551668 | AA22: Tetap
A23: 6.2. | B23: Sosialisasi dan Promosi K3, terdiri atas : | N23: =M23/$M$8*100 -> 0 | Q23: =O23*L23 -> 0 | R23: =Q23/$M$8*100 -> 0 | S23: 0 | U23: =S23*L23 -> 0 | W23: =(E23+O23)-S23 -> 0 | Y23: =W23*L23 -> 0 | Z23: =Y23/$M$8*100 -> 0
A24: a | B24: Induksi K3 (Safety Induction) ; khusus untuk pekerja baru | E24: =E22 -> 50 | F24: org | G24: 7500 | H24: =E24*G24 -> 375000 | I24: 7536.74 | J24: =E24*I24 -> 376837 | K24: =IF(H24=0,"",IF(J24<#REF!*H24,"Timpang <"&TEXT(#REF!,"0%"),IF(J24>#REF!*H24,"Timpang >"&TEXT(#REF!,"0%"),"Wajar"))) -> #REF! | L24: 7536.74 | M24: =E24*L24 -> 376837 | N24: =M24/$M$8*100 -> 0.016461044 | O24: 0 | Q24: =O24*L24 -> 0 | R24: =Q24/$M$8*100 -> 0 | S24: 0 | U24: =S24*L24 -> 0 | W24: =(E24+O24)-S24 -> 50 | X24: org | Y24: =W24*L24 -> 376837 | Z24: =Y24/$M$8*100 -> 0.016461044 | AA24: Tetap
A25: b | B25: Pengarahan K3 (Safety Briefing) : | E25: =E24 -> 50 | F25: org | G25: 7500 | H25: =E25*G25 -> 375000 | I25: 7848.23 | J25: =E25*I25 -> 392411.5 | K25: =IF(H25=0,"",IF(J25<#REF!*H25,"Timpang <"&TEXT(#REF!,"0%"),IF(J25>#REF!*H25,"Timpang >"&TEXT(#REF!,"0%"),"Wajar"))) -> #REF! | L25: 7848.23 | M25: =E25*L25 -> 392411.5 | N25: =M25/$M$8*100 -> 0.017141372 | O25: 0 | Q25: =O25*L25 -> 0 | R25: =Q25/$M$8*100 -> 0 | S25: 0 | U25: =S25*L25 -> 0 | W25: =(E25+O25)-S25 -> 50 | X25: org | Y25: =W25*L25 -> 392411.5 | Z25: =Y25/$M$8*100 -> 0.017141372 | AA25: Tetap
A26: 6.3. | B26: Alat Pelindung Kerja, terdiri atas : | N26: =M26/$M$8*100 -> 0 | Q26: =O26*L26 -> 0 | R26: =Q26/$M$8*100 -> 0 | S26: 0 | U26: =S26*L26 -> 0 | W26: =(E26+O26)-S26 -> 0 | Y26: =W26*L26 -> 0 | Z26: =Y26/$M$8*100 -> 0
A27: a | B27: Pembatas Area (Restricted Area) | E27: 1 | F27: ls | G27: 118500 | H27: =E27*G27 -> 118500 | I27: ='Bahan & Upah'!C141*10*15% -> 124260.49 | J27: =E27*I27 -> 124260.49 | K27: =IF(H27=0,"",IF(J27<#REF!*H27,"Timpang <"&TEXT(#REF!,"0%"),IF(J27>#REF!*H27,"Timpang >"&TEXT(#REF!,"0%"),"Wajar"))) -> #REF! | L27: 124260.49 | M27: =E27*L27 -> 124260.49 | N27: =M27/$M$8*100 -> 0.0054279636 | O27: 0 | Q27: =O27*L27 -> 0 | R27: =Q27/$M$8*100 -> 0 | S27: 0 | U27: =S27*L27 -> 0 | W27: =(E27+O27)-S27 -> 1 | X27: ls | Y27: =W27*L27 -> 124260.49 | Z27: =Y27/$M$8*100 -> 0.0054279636 | AA27: Tetap
A28: 6.4. | B28: Alat Pelindung Diri, terdiri atas : | N28: =M28/$M$8*100 -> 0 | O28: 0 | Q28: =O28*L28 -> 0 | R28: =Q28/$M$8*100 -> 0 | S28: 0 | U28: =S28*L28 -> 0 | W28: =(E28+O28)-S28 -> 0 | Y28: =W28*L28 -> 0 | Z28: =Y28/$M$8*100 -> 0
A29: a | B29: Topi Pelindung (Safety Helmet) | E29: =E22 -> 50 | F29: bh | G29: 75000 | H29: =E29*G29 -> 3750000 | I29: 79112.25 | J29: =E29*I29 -> 3955612.5 | K29: =IF(H29=0,"",IF(J29<#REF!*H29,"Timpang <"&TEXT(#REF!,"0%"),IF(J29>#REF!*H29,"Timpang >"&TEXT(#REF!,"0%"),"Wajar"))) -> #REF! | L29: 79112.25 | M29: =E29*L29 -> 3955612.5 | N29: =M29/$M$8*100 -> 0.1727896 | O29: 0 | Q29: =O29*L29 -> 0 | R29: =Q29/$M$8*100 -> 0 | S29: 0 | U29: =S29*L29 -> 0 | W29: =(E29+O29)-S29 -> 50 | X29: bh | Y29: =W29*L29 -> 3955612.5 | Z29: =Y29/$M$8*100 -> 0.1727896 | AA29: Tetap
A30: b | B30: Pelindung Pernapasan dan Mulut (Masker) | E30: =E29 -> 50 | F30: bh | G30: 5000 | H30: =E30*G30 -> 250000 | I30: 5065.19 | J30: =E30*I30 -> 253259.5 | K30: =IF(H30=0,"",IF(J30<#REF!*H30,"Timpang <"&TEXT(#REF!,"0%"),IF(J30>#REF!*H30,"Timpang >"&TEXT(#REF!,"0%"),"Wajar"))) -> #REF! | L30: 5065.19 | M30: =E30*L30 -> 253259.5 | N30: =M30/$M$8*100 -> 0.011062915 | O30: 0 | Q30: =O30*L30 -> 0 | R30: =Q30/$M$8*100 -> 0 | S30: 0 | U30: =S30*L30 -> 0 | W30: =(E30+O30)-S30 -> 50 | X30: bh | Y30: =W30*L30 -> 253259.5 | Z30: =Y30/$M$8*100 -> 0.011062915 | AA30: Tetap
A31: c | B31: Sarung Tangan (Safety Gloves) | E31: =E30 -> 50 | F31: psg | G31: 5000 | H31: =E31*G31 -> 250000 | I31: 5020.38 | J31: =E31*I31 -> 251019 | K31: =IF(H31=0,"",IF(J31<#REF!*H31,"Timpang <"&TEXT(#REF!,"0%"),IF(J31>#REF!*H31,"Timpang >"&TEXT(#REF!,"0%"),"Wajar"))) -> #REF! | L31: 5020.38 | M31: =E31*L31 -> 251019 | N31: =M31/$M$8*100 -> 0.010965046 | O31: 0 | Q31: =O31*L31 -> 0 | R31: =Q31/$M$8*100 -> 0 | S31: 0 | U31: =S31*L31 -> 0 | W31: =(E31+O31)-S31 -> 50 | X31: psg | Y31: =W31*L31 -> 251019 | Z31: =Y31/$M$8*100 -> 0.010965046 | AA31: Tetap
A32: d | B32: Sepatu Keselamatan (Rubber Safety Shoes and Toe Cap) | E32: =E31 -> 50 | F32: psg | G32: 145000 | H32: =E32*G32 -> 7250000 | I32: 141266.14 | J32: =E32*I32 -> 7063307 | K32: =IF(H32=0,"",IF(J32<#REF!*H32,"Timpang <"&TEXT(#REF!,"0%"),IF(J32>#REF!*H32,"Timpang >"&TEXT(#REF!,"0%"),"Wajar"))) -> #REF! | L32: 141266.14 | M32: =E32*L32 -> 7063307 | N32: =M32/$M$8*100 -> 0.30854032 | O32: 0 | Q32: =O32*L32 -> 0 | R32: =Q32/$M$8*100 -> 0 | S32: 0 | U32: =S32*L32 -> 0 | W32: =(E32+O32)-S32 -> 50 | X32: psg | Y32: =W32*L32 -> 7063307 | Z32: =Y32/$M$8*100 -> 0.30854032 | AA32: Tetap
A33: e | B33: Rompi Keselamatan ( Safety vest) | E33: =E32 -> 50 | F33: bh | G33: 25000 | H33: =E33*G33 -> 1250000 | I33: 25391.62 | J33: =E33*I33 -> 1269581 | K33: =IF(H33=0,"",IF(J33<#REF!*H33,"Timpang <"&TEXT(#REF!,"0%"),IF(J33>#REF!*H33,"Timpang >"&TEXT(#REF!,"0%"),"Wajar"))) -> #REF! | L33: 25391.62 | M33: =E33*L33 -> 1269581 | N33: =M33/$M$8*100 -> 0.055458008 | O33: 0 | Q33: =O33*L33 -> 0 | R33: =Q33/$M$8*100 -> 0 | S33: 0 | U33: =S33*L33 -> 0 | W33: =(E33+O33)-S33 -> 50 | X33: bh | Y33: =W33*L33 -> 1269581 | Z33: =Y33/$M$8*100 -> 0.055458008 | AA33: Tetap
A34: 6.5. | B34: Asuransi dan Perijinan, terdiri atas : | N34: =M34/$M$8*100 -> 0 | O34: 0 | Q34: =O34*L34 -> 0 | R34: =Q34/$M$8*100 -> 0 | S34: 0 | U34: =S34*L34 -> 0 | W34: =(E34+O34)-S34 -> 0 | Y34: =W34*L34 -> 0 | Z34: =Y34/$M$8*100 -> 0
A35: a | B35: BPJS Ketenagakerjaan dan Kesehatan Kerja ; (BERDASARKAN KEPMENAKER NOMOR 44 TAHUN 2015 tentang | E35: 1 | F35: ls | G35: 20000000 | H35: =E35*G35 -> 20000000 | I35: 20000000 | J35: =E35*I35 -> 20000000 | K35: =IF(H35=0,"",IF(J35<#REF!*H35,"Timpang <"&TEXT(#REF!,"0%"),IF(J35>#REF!*H35,"Timpang >"&TEXT(#REF!,"0%"),"Wajar"))) -> #REF! | L35: 12000000 | M35: =E35*L35 -> 12000000 | N35: =M35/$M$8*100 -> 0.52418561 | O35: 0 | Q35: =O35*L35 -> 0 | R35: =Q35/$M$8*100 -> 0 | S35: 0 | U35: =S35*L35 -> 0 | W35: =(E35+O35)-S35 -> 1 | X35: ls | Y35: =W35*L35 -> 12000000 | Z35: =Y35/$M$8*100 -> 0.52418561 | AA35: Tetap
B36: Program JK bagi pekerja harian lepas, borongan | N36: =M36/$M$8*100 -> 0 | O36: 0 | Q36: =O36*L36 -> 0 | R36: =Q36/$M$8*100 -> 0 | S36: 0 | U36: =S36*L36 -> 0 | W36: =(E36+O36)-S36 -> 0 | Y36: =W36*L36 -> 0 | Z36: =Y36/$M$8*100 -> 0
A37: 6.6. | B37: Personil K3, terdiri atas : | N37: =M37/$M$8*100 -> 0 | O37: 0 | Q37: =O37*L37 -> 0 | R37: =Q37/$M$8*100 -> 0 | S37: 0 | U37: =S37*L37 -> 0 | W37: =(E37+O37)-S37 -> 0 | Y37: =W37*L37 -> 0 | Z37: =Y37/$M$8*100 -> 0
A38: a | B38: Petugas K3 | E38: =E17 -> 6 | F38: bln | G38: 7000000 | H38: =E38*G38 -> 42000000 | I38: 6965298.2 | J38: =E38*I38 -> 41791789 | K38: =IF(H38=0,"",IF(J38<#REF!*H38,"Timpang <"&TEXT(#REF!,"0%"),IF(J38>#REF!*H38,"Timpang >"&TEXT(#REF!,"0%"),"Wajar"))) -> #REF! | L38: 6965298.2 | M38: =E38*L38 -> 41791789 | N38: =M38/$M$8*100 -> 1.8255545 | O38: 0 | Q38: =O38*L38 -> 0 | R38: =Q38/$M$8*100 -> 0 | S38: 0 | U38: =S38*L38 -> 0 | W38: =(E38+O38)-S38 -> 6 | X38: bln | Y38: =W38*L38 -> 41791789 | Z38: =Y38/$M$8*100 -> 1.8255545 | AA38: Tetap
A39: 6.7. | B39: Fasilitas Sarana Kesehatan, terdiri atas : | N39: =M39/$M$8*100 -> 0 | O39: 0 | Q39: =O39*L39 -> 0 | R39: =Q39/$M$8*100 -> 0 | S39: 0 | U39: =S39*L39 -> 0 | W39: =(E39+O39)-S39 -> 0 | Y39: =W39*L39 -> 0 | Z39: =Y39/$M$8*100 -> 0
B40: Peralatan P3K (Kotak P3K, Tandu, Tabung Oksigen, Obat Luka, Perban, dll) | E40: 1 | F40: ls | G40: 5500000 | H40: =E40*G40 -> 5500000 | I40: 5814936.8 | J40: =E40*I40 -> 5814936.8 | K40: =IF(H40=0,"",IF(J40<#REF!*H40,"Timpang <"&TEXT(#REF!,"0%"),IF(J40>#REF!*H40,"Timpang >"&TEXT(#REF!,"0%"),"Wajar"))) -> #REF! | L40: 5814936.8 | M40: =E40*L40 -> 5814936.8 | N40: =M40/$M$8*100 -> 0.25400885 | O40: 0 | Q40: =O40*L40 -> 0 | R40: =Q40/$M$8*100 -> 0 | S40: 0 | U40: =S40*L40 -> 0 | W40: =(E40+O40)-S40 -> 1 | X40: ls | Y40: =W40*L40 -> 5814936.8 | Z40: =Y40/$M$8*100 -> 0.25400885 | AA40: Tetap
A41: 6.8. | B41: Rambu-rambu ukuran min. 90x90, terdiri atas : | N41: =M41/$M$8*100 -> 0 | O41: 0 | Q41: =O41*L41 -> 0 | R41: =Q41/$M$8*100 -> 0 | S41: 0 | U41: =S41*L41 -> 0 | W41: =(E41+O41)-S41 -> 0 | Y41: =W41*L41 -> 0 | Z41: =Y41/$M$8*100 -> 0
A42: a | B42: Rambu Petunjuk | E42: 5 | F42: bh | G42: 75000 | H42: =E42*G42 -> 375000 | I42: 71738.34 | J42: =E42*I42 -> 358691.7 | K42: =IF(H42=0,"",IF(J42<#REF!*H42,"Timpang <"&TEXT(#REF!,"0%"),IF(J42>#REF!*H42,"Timpang >"&TEXT(#REF!,"0%"),"Wajar"))) -> #REF! | L42: 71738.34 | M42: =E42*L42 -> 358691.7 | N42: =M42/$M$8*100 -> 0.015668419 | O42: 0 | Q42: =O42*L42 -> 0 | R42: =Q42/$M$8*100 -> 0 | S42: 0 | U42: =S42*L42 -> 0 | W42: =(E42+O42)-S42 -> 5 | X42: bh | Y42: =W42*L42 -> 358691.7 | Z42: =Y42/$M$8*100 -> 0.015668419 | AA42: Tetap
A43: b | B43: Rambu Larangan | E43: 2 | F43: bh | G43: 75000 | H43: =E43*G43 -> 150000 | I43: 76185.04 | J43: =E43*I43 -> 152370.08 | K43: =IF(H43=0,"",IF(J43<#REF!*H43,"Timpang <"&TEXT(#REF!,"0%"),IF(J43>#REF!*H43,"Timpang >"&TEXT(#REF!,"0%"),"Wajar"))) -> #REF! | L43: 76185.04 | M43: =E43*L43 -> 152370.08 | N43: =M43/$M$8*100 -> 0.0066558503 | O43: 0 | Q43: =O43*L43 -> 0 | R43: =Q43/$M$8*100 -> 0 | S43: 0 | U43: =S43*L43 -> 0 | W43: =(E43+O43)-S43 -> 2 | X43: bh | Y43: =W43*L43 -> 152370.08 | Z43: =Y43/$M$8*100 -> 0.0066558503 | AA43: Tetap
A44: c | B44: Rambu Peringatan | E44: 5 | F44: bh | G44: 75000 | H44: =E44*G44 -> 375000 | I44: 75989.55 | J44: =E44*I44 -> 379947.75 | K44: =IF(H44=0,"",IF(J44<#REF!*H44,"Timpang <"&TEXT(#REF!,"0%"),IF(J44>#REF!*H44,"Timpang >"&TEXT(#REF!,"0%"),"Wajar"))) -> #REF! | L44: 75989.55 | M44: =E44*L44 -> 379947.75 | N44: =M44/$M$8*100 -> 0.016596929 | O44: 0 | Q44: =O44*L44 -> 0 | R44: =Q44/$M$8*100 -> 0 | S44: 0 | U44: =S44*L44 -> 0 | W44: =(E44+O44)-S44 -> 5 | X44: bh | Y44: =W44*L44 -> 379947.75 | Z44: =Y44/$M$8*100 -> 0.016596929 | AA44: Tetap
A45: d | B45: Rambu Kewajiban | E45: 5 | F45: bh | G45: 75000 | H45: =E45*G45 -> 375000 | I45: 79049.32 | J45: =E45*I45 -> 395246.6 | K45: =IF(H45=0,"",IF(J45<#REF!*H45,"Timpang <"&TEXT(#REF!,"0%"),IF(J45>#REF!*H45,"Timpang >"&TEXT(#REF!,"0%"),"Wajar"))) -> #REF! | L45: 79049.32 | M45: =E45*L45 -> 395246.6 | N45: =M45/$M$8*100 -> 0.017265215 | O45: 0 | Q45: =O45*L45 -> 0 | R45: =Q45/$M$8*100 -> 0 | S45: 0 | U45: =S45*L45 -> 0 | W45: =(E45+O45)-S45 -> 5 | X45: bh | Y45: =W45*L45 -> 395246.6 | Z45: =Y45/$M$8*100 -> 0.017265215 | AA45: Tetap
A46: 6.9. | B46: Lain-lain Terkait Pengendalian Resiko K3, terdiri atas : | N46: =M46/$M$8*100 -> 0 | O46: 0 | Q46: =O46*L46 -> 0 | R46: =Q46/$M$8*100 -> 0 | S46: 0 | U46: =S46*L46 -> 0 | W46: =(E46+O46)-S46 -> 0 | Y46: =W46*L46 -> 0 | Z46: =Y46/$M$8*100 -> 0
A47: a | B47: Alat Pemadam Api Ringan (APAR) ; 3 kg | E47: 2 | F47: bh | G47: 378000 | H47: =E47*G47 -> 756000 | I47: ='Bahan & Upah'!C175 -> 369578.41 | J47: =E47*I47 -> 739156.82 | K47: =IF(H47=0,"",IF(J47<#REF!*H47,"Timpang <"&TEXT(#REF!,"0%"),IF(J47>#REF!*H47,"Timpang >"&TEXT(#REF!,"0%"),"Wajar"))) -> #REF! | L47: 369578.41 | M47: =E47*L47 -> 739156.82 | N47: =M47/$M$8*100 -> 0.032287947 | O47: 0 | Q47: =O47*L47 -> 0 | R47: =Q47/$M$8*100 -> 0 | S47: 0 | U47: =S47*L47 -> 0 | W47: =(E47+O47)-S47 -> 2 | X47: bh | Y47: =W47*L47 -> 739156.82 | Z47: =Y47/$M$8*100 -> 0.032287947 | AA47: Tetap
A48: b | B48: Bendera K3 | E48: 2 | F48: bh | G48: 45000 | H48: =E48*G48 -> 90000 | I48: ='Bahan & Upah'!C176 -> 43793.69 | J48: =E48*I48 -> 87587.38 | K48: =IF(H48=0,"",IF(J48<#REF!*H48,"Timpang <"&TEXT(#REF!,"0%"),IF(J48>#REF!*H48,"Timpang >"&TEXT(#REF!,"0%"),"Wajar"))) -> #REF! | L48: 43793.69 | M48: =E48*L48 -> 87587.38 | N48: =M48/$M$8*100 -> 0.0038260037 | O48: 0 | Q48: =O48*L48 -> 0 | R48: =Q48/$M$8*100 -> 0 | S48: 0 | U48: =S48*L48 -> 0 | W48: =(E48+O48)-S48 -> 2 | X48: bh | Y48: =W48*L48 -> 87587.38 | Z48: =Y48/$M$8*100 -> 0.0038260037 | AA48: Tetap
A49: c | B49: Jalur Evakuasi (Escape Route) | E49: 3 | F49: ls | G49: 500000 | H49: =E49*G49 -> 1500000 | I49: 521510.24 | J49: =E49*I49 -> 1564530.7 | K49: =IF(H49=0,"",IF(J49<#REF!*H49,"Timpang <"&TEXT(#REF!,"0%"),IF(J49>#REF!*H49,"Timpang >"&TEXT(#REF!,"0%"),"Wajar"))) -> #REF! | L49: 521510.24 | M49: =E49*L49 -> 1564530.7 | N49: =M49/$M$8*100 -> 0.068342041 | O49: 0 | Q49: =O49*L49 -> 0 | R49: =Q49/$M$8*100 -> 0 | S49: 0 | U49: =S49*L49 -> 0 | W49: =(E49+O49)-S49 -> 3 | X49: ls | Y49: =W49*L49 -> 1564530.7 | Z49: =Y49/$M$8*100 -> 0.068342041 | AA49: Tetap
A50: d | B50: Lampu Darurat (Emergency Lamp) | E50: 2 | F50: bh | G50: 70000 | H50: =E50*G50 -> 140000 | I50: 66347.66 | J50: =E50*I50 -> 132695.32 | K50: =IF(H50=0,"",IF(J50<#REF!*H50,"Timpang <"&TEXT(#REF!,"0%"),IF(J50>#REF!*H50,"Timpang >"&TEXT(#REF!,"0%"),"Wajar"))) -> #REF! | L50: 66347.66 | M50: =E50*L50 -> 132695.32 | N50: =M50/$M$8*100 -> 0.0057964148 | O50: 0 | Q50: =O50*L50 -> 0 | R50: =Q50/$M$8*100 -> 0 | S50: 0 | U50: =S50*L50 -> 0 | W50: =(E50+O50)-S50 -> 2 | X50: bh | Y50: =W50*L50 -> 132695.32 | Z50: =Y50/$M$8*100 -> 0.0057964148 | AA50: Tetap
A51: e | B51: Pelaporan K3 dan Program Inspeksi | E51: 1 | F51: ls | G51: 2500000 | H51: =E51*G51 -> 2500000 | I51: 2606639.8 | J51: =E51*I51 -> 2606639.8 | K51: =IF(H51=0,"",IF(J51<#REF!*H51,"Timpang <"&TEXT(#REF!,"0%"),IF(J51>#REF!*H51,"Timpang >"&TEXT(#REF!,"0%"),"Wajar"))) -> #REF! | L51: 2606639.8 | M51: =E51*L51 -> 2606639.8 | N51: =M51/$M$8*100 -> 0.11386359 | O51: 0 | Q51: =O51*L51 -> 0 | R51: =Q51/$M$8*100 -> 0 | S51: 0 | U51: =S51*L51 -> 0 | W51: =(E51+O51)-S51 -> 1 | X51: ls | Y51: =W51*L51 -> 2606639.8 | Z51: =Y51/$M$8*100 -> 0.11386359 | AA51: Tetap
A52: =A19+1 -> 7 | B52: Pekerjaan Pembersihan Lokasi dari Pohon dan Rumput (Land Clearing) | E52: ='12. Vol Levelling'!C6 -> 11.09 | F52: m² | G52: 6325 | H52: =E52*G52 -> 70144.25 | I52: ='Resume Analisa'!D$13 -> 6129.6 | J52: =E52*I52 -> 67977.264 | K52: =IF(H52=0,"",IF(J52<#REF!*H52,"Timpang <"&TEXT(#REF!,"0%"),IF(J52>#REF!*H52,"Timpang >"&TEXT(#REF!,"0%"),"Wajar"))) -> #REF! | L52: 6129.6 | M52: =E52*L52 -> 67977.264 | N52: =M52/$M$8*100 -> 0.002969392 | O52: 0 | Q52: =O52*L52 -> 0 | R52: =Q52/$M$8*100 -> 0 | S52: 0 | U52: =S52*L52 -> 0 | W52: =(E52+O52)-S52 -> 11.09 | X52: m² | Y52: =W52*L52 -> 67977.264 | Z52: =Y52/$M$8*100 -> 0.002969392 | AA52: Tetap
A53: =A52+1 -> 8 | B53: Pekerjaan Stake Out Posisi Trase Saluran/Infrastruktur | E53: =E52 -> 11.09 | F53: m² | G53: 3323.04 | H53: =E53*G53 -> 36852.514 | I53: ='Resume Analisa'!D$12 -> 3324.91 | J53: =E53*I53 -> 36873.252 | K53: =IF(H53=0,"",IF(J53<#REF!*H53,"Timpang <"&TEXT(#REF!,"0%"),IF(J53>#REF!*H53,"Timpang >"&TEXT(#REF!,"0%"),"Wajar"))) -> #REF! | L53: 3324.91 | M53: =E53*L53 -> 36873.252 | N53: =M53/$M$8*100 -> 0.0016107023 | O53: 0 | Q53: =O53*L53 -> 0 | R53: =Q53/$M$8*100 -> 0 | S53: 0 | U53: =S53*L53 -> 0 | W53: =(E53+O53)-S53 -> 11.09 | X53: m² | Y53: =W53*L53 -> 36873.252 | Z53: =Y53/$M$8*100 -> 0.0016107023 | AA53: Tetap
A54: =A53+1 -> 9 | B54: Pekerjaan Sondir termasuk Pelaporan termasuk mobilisasi Alat dan Personil | E54: 3 | F54: ttk | G54: 10996300 | H54: =E54*G54 -> 32988900 | I54: ='Resume Analisa'!D$33 -> 11093158 | J54: =E54*I54 -> 33279475 | K54: =IF(H54=0,"",IF(J54<#REF!*H54,"Timpang <"&TEXT(#REF!,"0%"),IF(J54>#REF!*H54,"Timpang >"&TEXT(#REF!,"0%"),"Wajar"))) -> #REF! | L54: 11093158 | M54: =E54*L54 -> 33279475 | N54: =M54/$M$8*100 -> 1.4537185 | O54: 0 | Q54: =O54*L54 -> 0 | R54: =Q54/$M$8*100 -> 0 | S54: 0 | U54: =S54*L54 -> 0 | W54: =(E54+O54)-S54 -> 3 | X54: ttk | Y54: =W54*L54 -> 33279475 | Z54: =Y54/$M$8*100 -> 1.4537185 | AA54: Tetap
A55: =A54+1 -> 10 | B55: Mobilisasi dan Demobilisasi | N55: =M55/$M$8*100 -> 0 | O55: 0 | Q55: =O55*L55 -> 0 | R55: =Q55/$M$8*100 -> 0 | S55: 0 | U55: =S55*L55 -> 0 | W55: =(E55+O55)-S55 -> 0 | Y55: =W55*L55 -> 0 | Z55: =Y55/$M$8*100 -> 0
A56: a | B56: Bulldozer | E56: 1 | F56: unit | G56: 7500000 | H56: =E56*G56 -> 7500000 | I56: 7714541.9 | J56: =E56*I56 -> 7714541.9 | K56: =IF(H56=0,"",IF(J56<#REF!*H56,"Timpang <"&TEXT(#REF!,"0%"),IF(J56>#REF!*H56,"Timpang >"&TEXT(#REF!,"0%"),"Wajar"))) -> #REF! | L56: 5000000 | M56: =E56*L56 -> 5000000 | N56: =M56/$M$8*100 -> 0.21841067 | O56: 0 | Q56: =O56*L56 -> 0 | R56: =Q56/$M$8*100 -> 0 | S56: 0 | U56: =S56*L56 -> 0 | W56: =(E56+O56)-S56 -> 1 | X56: unit | Y56: =W56*L56 -> 5000000 | Z56: =Y56/$M$8*100 -> 0.21841067 | AA56: Tetap
A57: b | B57: Roller Vibrator 12 Ton | E57: 1 | F57: unit | G57: 7500000 | H57: =E57*G57 -> 7500000 | I57: 7300957.2 | J57: =E57*I57 -> 7300957.2 | K57: =IF(H57=0,"",IF(J57<#REF!*H57,"Timpang <"&TEXT(#REF!,"0%"),IF(J57>#REF!*H57,"Timpang >"&TEXT(#REF!,"0%"),"Wajar"))) -> #REF! | L57: 5000000 | M57: =E57*L57 -> 5000000 | N57: =M57/$M$8*100 -> 0.21841067 | O57: 0 | Q57: =O57*L57 -> 0 | R57: =Q57/$M$8*100 -> 0 | S57: 0 | U57: =S57*L57 -> 0 | W57: =(E57+O57)-S57 -> 1 | X57: unit | Y57: =W57*L57 -> 5000000 | Z57: =Y57/$M$8*100 -> 0.21841067 | AA57: Tetap
A58: c | B58: Excavator | E58: 1 | F58: unit | G58: 7500000 | H58: =E58*G58 -> 7500000 | I58: 7948121.9 | J58: =E58*I58 -> 7948121.9 | K58: =IF(H58=0,"",IF(J58<#REF!*H58,"Timpang <"&TEXT(#REF!,"0%"),IF(J58>#REF!*H58,"Timpang >"&TEXT(#REF!,"0%"),"Wajar"))) -> #REF! | L58: 5000000 | M58: =E58*L58 -> 5000000 | N58: =M58/$M$8*100 -> 0.21841067 | O58: 0 | Q58: =O58*L58 -> 0 | R58: =Q58/$M$8*100 -> 0 | S58: 0 | U58: =S58*L58 -> 0 | W58: =(E58+O58)-S58 -> 1 | X58: unit | Y58: =W58*L58 -> 5000000 | Z58: =Y58/$M$8*100 -> 0.21841067 | AA58: Tetap
A59: d | B59: Concrete Mixer 0,35 m³ | E59: 5 | F59: bh | G59: 1000000 | H59: =E59*G59 -> 5000000 | I59: 1013926 | J59: =E59*I59 -> 5069630 | K59: =IF(H59=0,"",IF(J59<#REF!*H59,"Timpang <"&TEXT(#REF!,"0%"),IF(J59>#REF!*H59,"Timpang >"&TEXT(#REF!,"0%"),"Wajar"))) -> #REF! | L59: 1013926 | M59: =E59*L59 -> 5069630 | N59: =M59/$M$8*100 -> 0.22145226 | O59: 0 | Q59: =O59*L59 -> 0 | R59: =Q59/$M$8*100 -> 0 | S59: 0 | U59: =S59*L59 -> 0 | W59: =(E59+O59)-S59 -> 5 | X59: bh | Y59: =W59*L59 -> 5069630 | Z59: =Y59/$M$8*100 -> 0.22145226 | AA59: Tetap
A60: e | B60: Concrete Mixer Pump | E60: 1 | F60: unit | G60: 10000000 | H60: =E60*G60 -> 10000000 | I60: 9438519.6 | J60: =E60*I60 -> 9438519.6 | K60: =IF(H60=0,"",IF(J60<#REF!*H60,"Timpang <"&TEXT(#REF!,"0%"),IF(J60>#REF!*H60,"Timpang >"&TEXT(#REF!,"0%"),"Wajar"))) -> #REF! | L60: 9438519.6 | M60: =E60*L60 -> 9438519.6 | N60: =M60/$M$8*100 -> 0.41229468 | O60: 0 | Q60: =O60*L60 -> 0 | R60: =Q60/$M$8*100 -> 0 | S60: 0 | U60: =S60*L60 -> 0 | W60: =(E60+O60)-S60 -> 1 | X60: unit | Y60: =W60*L60 -> 9438519.6 | Z60: =Y60/$M$8*100 -> 0.41229468 | AA60: Tetap
A61: f | B61: Stamper | E61: 3 | F61: bh | G61: 500000 | H61: =E61*G61 -> 1500000 | I61: 488872.2 | J61: =E61*I61 -> 1466616.6 | K61: =IF(H61=0,"",IF(J61<#REF!*H61,"Timpang <"&TEXT(#REF!,"0%"),IF(J61>#REF!*H61,"Timpang >"&TEXT(#REF!,"0%"),"Wajar"))) -> #REF! | L61: 488872.2 | M61: =E61*L61 -> 1466616.6 | N61: =M61/$M$8*100 -> 0.064064943 | O61: 0 | Q61: =O61*L61 -> 0 | R61: =Q61/$M$8*100 -> 0 | S61: 0 | U61: =S61*L61 -> 0 | W61: =(E61+O61)-S61 -> 3 | X61: bh | Y61: =W61*L61 -> 1466616.6 | Z61: =Y61/$M$8*100 -> 0.064064943 | AA61: Tetap
A62: g | B62: Mesin las | E62: 3 | F62: bh | G62: 750000 | H62: =E62*G62 -> 2250000 | I62: 754806.12 | J62: =E62*I62 -> 2264418.4 | K62: =IF(H62=0,"",IF(J62<#REF!*H62,"Timpang <"&TEXT(#REF!,"0%"),IF(J62>#REF!*H62,"Timpang >"&TEXT(#REF!,"0%"),"Wajar"))) -> #REF! | L62: 754806.12 | M62: =E62*L62 -> 2264418.4 | N62: =M62/$M$8*100 -> 0.098914626 | O62: 0 | Q62: =O62*L62 -> 0 | R62: =Q62/$M$8*100 -> 0 | S62: 0 | U62: =S62*L62 -> 0 | W62: =(E62+O62)-S62 -> 3 | X62: bh | Y62: =W62*L62 -> 2264418.4 | Z62: =Y62/$M$8*100 -> 0.098914626 | AA62: Tetap
A63: =A55+1 -> 11 | B63: Pekerjaan Sambungan Daya Baru Pabrik Es | N63: =M63/$M$8*100 -> 0 | O63: 0 | Q63: =O63*L63 -> 0 | R63: =Q63/$M$8*100 -> 0 | S63: 0 | U63: =S63*L63 -> 0 | W63: =(E63+O63)-S63 -> 0 | Y63: =W63*L63 -> 0 | Z63: =Y63/$M$8*100 -> 0
A64: a | B64: Pendaftaran NIDI + SLO Daya 23 Kva | E64: 1 | F64: ls | G64: 2600000 | H64: =E64*G64 -> 2600000 | I64: 2707655.8 | J64: =E64*I64 -> 2707655.8 | K64: =IF(H64=0,"",IF(J64<#REF!*H64,"Timpang <"&TEXT(#REF!,"0%"),IF(J64>#REF!*H64,"Timpang >"&TEXT(#REF!,"0%"),"Wajar"))) -> #REF! | L64: 2707655.8 | M64: =E64*L64 -> 2707655.8 | N64: =M64/$M$8*100 -> 0.11827619 | O64: 0 | Q64: =O64*L64 -> 0 | R64: =Q64/$M$8*100 -> 0 | S64: 0 | U64: =S64*L64 -> 0 | W64: =(E64+O64)-S64 -> 1 | X64: ls | Y64: =W64*L64 -> 2707655.8 | Z64: =Y64/$M$8*100 -> 0.11827619 | AA64: Tetap
A65: b | B65: Biaya Pasang Baru Daya 23 Kva | E65: 1 | F65: ls | G65: 23500000 | H65: =E65*G65 -> 23500000 | I65: 23342064 | J65: =E65*I65 -> 23342064 | K65: =IF(H65=0,"",IF(J65<#REF!*H65,"Timpang <"&TEXT(#REF!,"0%"),IF(J65>#REF!*H65,"Timpang >"&TEXT(#REF!,"0%"),"Wajar"))) -> #REF! | L65: 21000000 | M65: =E65*L65 -> 21000000 | N65: =M65/$M$8*100 -> 0.91732482 | O65: 0 | Q65: =O65*L65 -> 0 | R65: =Q65/$M$8*100 -> 0 | S65: 0 | U65: =S65*L65 -> 0 | W65: =(E65+O65)-S65 -> 1 | X65: ls | Y65: =W65*L65 -> 21000000 | Z65: =Y65/$M$8*100 -> 0.91732482 | AA65: Tetap
A66: =A63+1 -> 12 | B66: Pekerjaan Sambungan Daya Baru Kawasan | N66: =M66/$M$8*100 -> 0 | O66: 0 | Q66: =O66*L66 -> 0 | R66: =Q66/$M$8*100 -> 0 | S66: 0 | U66: =S66*L66 -> 0 | W66: =(E66+O66)-S66 -> 0 | Y66: =W66*L66 -> 0 | Z66: =Y66/$M$8*100 -> 0
A67: a | B67: Pendaftaran NIDI + SLO Daya 13 Kva | E67: 1 | F67: ls | G67: 800400 | H67: =E67*G67 -> 800400 | I67: 800400 | J67: =E67*I67 -> 800400 | K67: =IF(H67=0,"",IF(J67<#REF!*H67,"Timpang <"&TEXT(#REF!,"0%"),IF(J67>#REF!*H67,"Timpang >"&TEXT(#REF!,"0%"),"Wajar"))) -> #REF! | L67: 800400 | M67: =E67*L67 -> 800400 | N67: =M67/$M$8*100 -> 0.03496318 | O67: 0 | Q67: =O67*L67 -> 0 | R67: =Q67/$M$8*100 -> 0 | S67: 0 | U67: =S67*L67 -> 0 | W67: =(E67+O67)-S67 -> 1 | X67: ls | Y67: =W67*L67 -> 800400 | Z67: =Y67/$M$8*100 -> 0.03496318 | AA67: Tetap
A68: b | B68: Biaya Pasang Baru Daya 13 Kva | E68: 1 | F68: ls | G68: 15850000 | H68: =E68*G68 -> 15850000 | I68: 16380021 | J68: =E68*I68 -> 16380021 | K68: =IF(H68=0,"",IF(J68<#REF!*H68,"Timpang <"&TEXT(#REF!,"0%"),IF(J68>#REF!*H68,"Timpang >"&TEXT(#REF!,"0%"),"Wajar"))) -> #REF! | L68: 10000000 | M68: =E68*L68 -> 10000000 | N68: =M68/$M$8*100 -> 0.43682134 | O68: 0 | Q68: =O68*L68 -> 0 | R68: =Q68/$M$8*100 -> 0 | S68: 0 | U68: =S68*L68 -> 0 | W68: =(E68+O68)-S68 -> 1 | X68: ls | Y68: =W68*L68 -> 10000000 | Z68: =Y68/$M$8*100 -> 0.43682134 | AA68: Tetap
A69: =A66+1 -> 13 | B69: Pekerjaan Panel Distribusi Kawasan, LVMDP/PDTR 15KVA, termasuk pengiriman dan instalasi | E69: ='14. Vol Genset'!$M$258 -> 1 | F69: unit | G69: 21850000 | H69: =E69*G69 -> 21850000 | I69: ='Resume Analisa'!$D$235 -> 21248892 | J69: =E69*I69 -> 21248892 | K69: =IF(H69=0,"",IF(J69<#REF!*H69,"Timpang <"&TEXT(#REF!,"0%"),IF(J69>#REF!*H69,"Timpang >"&TEXT(#REF!,"0%"),"Wajar"))) -> #REF! | L69: 17000000 | M69: =E69*L69 -> 17000000 | N69: =M69/$M$8*100 -> 0.74259628 | O69: 0 | Q69: =O69*L69 -> 0 | R69: =Q69/$M$8*100 -> 0 | S69: 0 | U69: =S69*L69 -> 0 | W69: =(E69+O69)-S69 -> 1 | X69: unit | Y69: =W69*L69 -> 17000000 | Z69: =Y69/$M$8*100 -> 0.74259628 | AA69: Tetap
A70: =A69+1 -> 14 | B70: Pekerjaan Pengadaan Tempat Sampah Portable 1100 L ex. Krisbow + Pengiriman | E70: 1 | F70: unit | G70: 7781521 | H70: =E70*G70 -> 7781521 | I70: ='Resume Analisa'!D$244 -> 7493631.8 | J70: =E70*I70 -> 7493631.8 | K70: =IF(H70=0,"",IF(J70<#REF!*H70,"Timpang <"&TEXT(#REF!,"0%"),IF(J70>#REF!*H70,"Timpang >"&TEXT(#REF!,"0%"),"Wajar"))) -> #REF! | L70: 5919860.2 | M70: =E70*L70 -> 5919860.2 | N70: =M70/$M$8*100 -> 0.25859213 | O70: 0 | Q70: =O70*L70 -> 0 | R70: =Q70/$M$8*100 -> 0 | S70: 0 | U70: =S70*L70 -> 0 | W70: =(E70+O70)-S70 -> 1 | X70: unit | Y70: =W70*L70 -> 5919860.2 | Z70: =Y70/$M$8*100 -> 0.25859213 | AA70: Tetap
D71: JUMLAH : | H71: =SUM(H14:H70) -> 3.7645963e+08 | J71: =SUM(J14:J70) -> 3.7504654e+08 | M71: =SUM(M14:M70) -> 3.2203949e+08 | N71: =M71/M8*100 -> 14.067372 | Y71: =SUM(Y12:Y70) -> 3.2203949e+08 | Z71: =SUM(Z14:Z70) -> 14.067372
A72: IV | B72: PEKERJAAN DINDING PENAHAN TANAH
A73: IV.1 | B73: Pekerjaan Turap Beton
A74: 1 | B74: Pekerjaan Tapak Beton Menerus 30 x 140 cm
A75: a | B75: Pekerjaan Galian Tanah sampai dengan 1 m | E75: ='4. Vol DPT'!$M$16 -> 28 | F75: m² | G75: 50600 | H75: =E75*G75 -> 1416800 | I75: ='Resume Analisa'!$D$18 -> 49036.76 | J75: =E75*I75 -> 1373029.3 | K75: =IF(H75=0,"",IF(J75<#REF!*H75,"Timpang <"&TEXT(#REF!,"0%"),IF(J75>#REF!*H75,"Timpang >"&TEXT(#REF!,"0%"),"Wajar"))) -> #REF! | L75: ='Resume Analisa'!D18 -> 49036.76 | M75: =E75*L75 -> 1373029.3 | N75: =M75/$M$8*100 -> 0.059976849 | O75: ='4. Vol DPT'!M17 -> 11.76 | P75: m² | Q75: =O75*L75 -> 576672.3 | R75: =Q75/$M$8*100 -> 0.025190277 | S75: 0 | U75: =S75*L75 -> 0 | W75: =O75+E75 -> 39.76 | X75: m² | Y75: =W75*L75 -> 1949701.6 | Z75: =Y75/$M$8*100 -> 0.085167126 | AA75: pekerjaan tambah
A76: b | B76: Pekerjaan Cerucuk Kayu Dolken Ø 6 - 8 cm | E76: ='4. Vol DPT'!$M$18 -> 1212 | F76: m¹ | G76: 34019.88 | H76: =E76*G76 -> 41232095 | I76: ='Resume Analisa'!$D$37 -> 33453.23 | J76: =I76*E76 -> 40545315 | K76: =IF(H76=0,"",IF(J76<#REF!*H76,"Timpang <"&TEXT(#REF!,"0%"),IF(J76>#REF!*H76,"Timpang >"&TEXT(#REF!,"0%"),"Wajar"))) -> #REF! | L76: ='Resume Analisa'!D37 -> 33453.23 | M76: =E76*L76 -> 40545315 | N76: =M76/$M$8*100 -> 1.7711059 | O76: ='4. Vol DPT'!M19 -> 504 | P76: m¹ | Q76: =O76*L76 -> 16860428 | R76: =Q76/$M$8*100 -> 0.73649947 | S76: 0 | U76: =S76*L76 -> 0 | W76: =O76+E76 -> 1716 | X76: m¹ | Y76: =W76*L76 -> 57405743 | Z76: =Y76/$M$8*100 -> 2.5076054 | AA76: pekerjaan tambah
A77: c | B77: Pekerjaan Kayu Bekesting Pondasi | E77: ='4. Vol DPT'!$M$20 -> 20.8 | F77: m² | G77: 218235.5 | H77: =E77*G77 -> 4539298.4 | I77: ='Resume Analisa'!$D$38 -> 219134.12 | J77: =I77*E77 -> 4557989.7 | K77: =IF(H77=0,"",IF(J77<#REF!*H77,"Timpang <"&TEXT(#REF!,"0%"),IF(J77>#REF!*H77,"Timpang >"&TEXT(#REF!,"0%"),"Wajar"))) -> #REF! | L77: ='Resume Analisa'!D38 -> 219134.12 | M77: =E77*L77 -> 4557989.7 | N77: =M77/$M$8*100 -> 0.19910272 | O77: 11.6 | P77: m² | Q77: =O77*L77 -> 2541955.8 | R77: =Q77/$M$8*100 -> 0.11103805 | S77: 0 | U77: =S77*L77 -> 0 | W77: =O77+E77 -> 32.4 | X77: m² | Y77: =W77*L77 -> 7099945.5 | Z77: =Y77/$M$8*100 -> 0.31014077 | AA77: pekerjaan tambah
A78: d | B78: Pekerjaan Pembesian Besi Beton D 13 mm - 150 | E78: ='4. Vol DPT'!$M$23 -> 1183.16 | F78: kg | G78: 25591.18 | H78: =E78*G78 -> 30278461 | I78: ='Resume Analisa'!$D$47 -> 26179.68 | J78: =I78*E78 -> 30974750 | K78: =IF(H78=0,"",IF(J78<#REF!*H78,"Timpang <"&TEXT(#REF!,"0%"),IF(J78>#REF!*H78,"Timpang >"&TEXT(#REF!,"0%"),"Wajar"))) -> #REF! | L78: ='Resume Analisa'!D47 -> 26179.68 | M78: =E78*L78 -> 30974750 | N78: =M78/$M$8*100 -> 1.3530432 | O78: ='4. Vol DPT'!M24 -> 495.93726 | P78: kg | Q78: =O78*L78 -> 12983479 | R78: =Q78/$M$8*100 -> 0.56714606 | S78: 0 | U78: =S78*L78 -> 0 | W78: =O78+E78 -> 1679.0973 | X78: kg | Y78: =W78*L78 -> 43958229 | Z78: =Y78/$M$8*100 -> 1.9201892 | AA78: pekerjaan tambah
A79: e | B79: Pekerjaan Pembesian Besi Beton D 10 mm - 150 | E79: ='4. Vol DPT'!$M$26 -> 620.2 | F79: kg | G79: 19151.18 | H79: =E79*G79 -> 11877562 | I79: ='Resume Analisa'!$D$48 -> 18790.97 | J79: =E79*I79 -> 11654160 | K79: =IF(H79=0,"",IF(J79<#REF!*H79,"Timpang <"&TEXT(#REF!,"0%"),IF(J79>#REF!*H79,"Timpang >"&TEXT(#REF!,"0%"),"Wajar"))) -> #REF! | L79: ='Resume Analisa'!D48 -> 18790.97 | M79: =E79*L79 -> 11654160 | N79: =M79/$M$8*100 -> 0.50907856 | O79: ='4. Vol DPT'!M27 -> 258.93 | P79: kg | Q79: =O79*L79 -> 4865545.9 | R79: =Q79/$M$8*100 -> 0.21253743 | S79: 0 | U79: =S79*L79 -> 0 | W79: =O79+E79 -> 879.13 | X79: kg | Y79: =W79*L79 -> 16519705 | Z79: =Y79/$M$8*100 -> 0.72161599 | AA79: pekerjaan tambah
A80: f | B80: Pekerjaan beton semi mekanis setara fc = 25 | E80: ='4. Vol DPT'!$M$28 -> 21 | F80: m³ | G80: 1691953.3 | H80: =E80*G80 -> 35531020 | I80: ='Resume Analisa'!$D$56 -> 1635953.1 | J80: =+I80*E80 -> 34355014 | K80: =IF(H80=0,"",IF(J80<#REF!*H80,"Timpang <"&TEXT(#REF!,"0%"),IF(J80>#REF!*H80,"Timpang >"&TEXT(#REF!,"0%"),"Wajar"))) -> #REF! | L80: ='Resume Analisa'!D56 -> 1635953.1 | M80: =E80*L80 -> 34355014 | N80: =M80/$M$8*100 -> 1.5007003 | O80: ='4. Vol DPT'!M29 -> 8.82 | P80: m³ | Q80: =O80*L80 -> 14429106 | R80: =Q80/$M$8*100 -> 0.63029414 | S80: 0 | U80: =S80*L80 -> 0 | W80: =O80+E80 -> 29.82 | X80: m³ | Y80: =W80*L80 -> 48784120 | Z80: =Y80/$M$8*100 -> 2.1309945 | AA80: pekerjaan tambah
A81: g | B81: Pekerjaan Pemadatan Beton dengan Vibrator | E81: ='4. Vol DPT'!$M$31 -> 21 | F81: m³ | G81: 43240 | H81: =E81*G81 -> 908040 | I81: ='Resume Analisa'!$D$60 -> 42304.98 | J81: =+I81*E81 -> 888404.58 | K81: =IF(H81=0,"",IF(J81<#REF!*H81,"Timpang <"&TEXT(#REF!,"0%"),IF(J81>#REF!*H81,"Timpang >"&TEXT(#REF!,"0%"),"Wajar"))) -> #REF! | L81: ='Resume Analisa'!D60 -> 42304.98 | M81: =E81*L81 -> 888404.58 | N81: =M81/$M$8*100 -> 0.038807408 | O81: =O80 -> 8.82 | P81: m³ | Q81: =O81*L81 -> 373129.92 | R81: =Q81/$M$8*100 -> 0.016299111 | S81: 0 | U81: =S81*L81 -> 0 | W81: =O81+E81 -> 29.82 | X81: m³ | Y81: =W81*L81 -> 1261534.5 | Z81: =Y81/$M$8*100 -> 0.055106519 | AA81: pekerjaan tambah
A82: =A74+1 -> 2 | B82: Pekerjaan Dinding Beton t = 20 cm | N82: =M82/$M$8*100 -> 0 | Q82: =O82*L82 -> 0 | R82: =Q82/$M$8*100 -> 0 | S82: 0 | U82: =S82*L82 -> 0 | AA82: pekerjaan tambah
A83: a | B83: Pekerjaan Bekesting Dinding 5 kali pakai (2 sisi) | E83: ='4. Vol DPT'!$M$33 -> 70 | F83: m² | G83: 487682.11 | H83: =E83*G83 -> 34137748 | I83: ='Resume Analisa'!$D$43 -> 477633.36 | J83: =E83*I83 -> 33434335 | K83: =IF(H83=0,"",IF(J83<#REF!*H83,"Timpang <"&TEXT(#REF!,"0%"),IF(J83>#REF!*H83,"Timpang >"&TEXT(#REF!,"0%"),"Wajar"))) -> #REF! | L83: ='Resume Analisa'!D43 -> 477633.36 | M83: =E83*L83 -> 33434335 | N83: =M83/$M$8*100 -> 1.4604831 | O83: ='4. Vol DPT'!M35 -> 143 | P83: m² | Q83: =O83*L83 -> 68301570 | R83: =Q83/$M$8*100 -> 2.9835584 | S83: 0 | U83: =S83*L83 -> 0 | W83: =O83+E83 -> 213 | X83: m² | Y83: =W83*L83 -> 1.0173591e+08 | Z83: =Y83/$M$8*100 -> 4.4440415 | AA83: pekerjaan tambah
A84: b | B84: Pek. Pembesian Besi Beton D 13 mm - 200 (Vertikal) | E84: ='4. Vol DPT'!$M$36 -> 732.24 | F84: kg | G84: 25591.18 | H84: =E84*G84 -> 18738886 | I84: ='Resume Analisa'!$D$47 -> 26179.68 | J84: =E84*I84 -> 19169809 | K84: =IF(H84=0,"",IF(J84<#REF!*H84,"Timpang <"&TEXT(#REF!,"0%"),IF(J84>#REF!*H84,"Timpang >"&TEXT(#REF!,"0%"),"Wajar"))) -> #REF! | L84: =L78 -> 26179.68 | M84: =E84*L84 -> 19169809 | N84: =M84/$M$8*100 -> 0.83737816 | O84: ='4. Vol DPT'!M37 -> 1493.2296 | P84: kg | Q84: =O84*L84 -> 39092273 | R84: =Q84/$M$8*100 -> 1.7076339 | S84: 0 | U84: =S84*L84 -> 0 | W84: =O84+E84 -> 2225.4696 | X84: kg | Y84: =W84*L84 -> 58262082 | Z84: =Y84/$M$8*100 -> 2.5450121 | AA84: pekerjaan tambah
A85: c | B85: Pek. Pembesian Besi Beton D 10 mm - 200 (Horisontal) | E85: ='4. Vol DPT'!$M$38 -> 247.09 | F85: kg | G85: 19151.18 | H85: =E85*G85 -> 4732065.1 | I85: ='Resume Analisa'!$D$48 -> 18790.97 | J85: =E85*I85 -> 4643060.8 | K85: =IF(H85=0,"",IF(J85<#REF!*H85,"Timpang <"&TEXT(#REF!,"0%"),IF(J85>#REF!*H85,"Timpang >"&TEXT(#REF!,"0%"),"Wajar"))) -> #REF! | L85: =L79 -> 18790.97 | M85: =E85*L85 -> 4643060.8 | N85: =M85/$M$8*100 -> 0.2028188 | O85: ='4. Vol DPT'!M39 -> 103.572 | P85: kg | Q85: =O85*L85 -> 1946218.3 | R85: =Q85/$M$8*100 -> 0.085014971 | S85: 0 | U85: =S85*L85 -> 0 | W85: =O85+E85 -> 350.662 | X85: kg | Y85: =W85*L85 -> 6589279.1 | Z85: =Y85/$M$8*100 -> 0.28783377 | AA85: pekerjaan tambah
A86: d | B86: Pekerjaan beton semi mekanis setara fc = 25 | E86: ='4. Vol DPT'!K40 -> 7 | F86: m³ | G86: 1691953.3 | H86: =E86*G86 -> 11843673 | I86: ='Resume Analisa'!$D$56 -> 1635953.1 | J86: =+I86*E86 -> 11451671 | K86: =IF(H86=0,"",IF(J86<#REF!*H86,"Timpang <"&TEXT(#REF!,"0%"),IF(J86>#REF!*H86,"Timpang >"&TEXT(#REF!,"0%"),"Wajar"))) -> #REF! | L86: =L80 -> 1635953.1 | M86: =E86*L86 -> 11451671 | N86: =M86/$M$8*100 -> 0.50023345 | O86: ='4. Vol DPT'!M41 -> 22.2875 | P86: m³ | Q86: =O86*L86 -> 36461304 | R86: =Q86/$M$8*100 -> 1.5927076 | S86: 0 | U86: =S86*L86 -> 0 | W86: =O86+E86 -> 29.2875 | X86: m³ | Y86: =W86*L86 -> 47912975 | Z86: =Y86/$M$8*100 -> 2.092941 | AA86: pekerjaan tambah
A87: e | B87: Pekerjaan Pemadatan Beton dengan Vibrator | E87: =E86 -> 7 | F87: m³ | G87: 43240 | H87: =E87*G87 -> 302680 | I87: ='Resume Analisa'!$D$60 -> 42304.98 | J87: =+I87*E87 -> 296134.86 | K87: =IF(H87=0,"",IF(J87<#REF!*H87,"Timpang <"&TEXT(#REF!,"0%"),IF(J87>#REF!*H87,"Timpang >"&TEXT(#REF!,"0%"),"Wajar"))) -> #REF! | L87: =L81 -> 42304.98 | M87: =E87*L87 -> 296134.86 | N87: =M87/$M$8*100 -> 0.012935803 | O87: =O86 -> 22.2875 | P87: m³ | Q87: =O87*L87 -> 942872.24 | R87: =Q87/$M$8*100 -> 0.041186672 | S87: 0 | U87: =S87*L87 -> 0 | W87: =O87+E87 -> 29.2875 | X87: m³ | Y87: =W87*L87 -> 1239007.1 | Z87: =Y87/$M$8*100 -> 0.054122474 | AA87: pekerjaan tambah
A88: f | B88: Pekerjaan pemasangan angkur tautan kapal, Besi Ø16 | L88: ='Resume Analisa'!D252 -> 97140.49 | O88: 15 | P88: bh | Q88: =O88*L88 -> 1457107.3 | R88: =Q88/$M$8*100 -> 0.063649559 | W88: =O88+E88 -> 15 | X88: bh | Y88: =W88*L88 -> 1457107.3 | Z88: =Y88/$M$8*100 -> 0.063649559 | AA88: Pek Baru
D89: JUMLAH : | H89: =SUM(H75:H87) -> 1.9553833e+08 | J89: =SUM(J75:J87) -> 1.9334367e+08 | M89: =SUM(M75:M87) -> 1.9334367e+08 | N89: =M89/M8*100 -> 8.4456643 | Q89: =SUM(Q75:Q88) -> 2.0083166e+08 | R89: =SUM(R75:R88) -> 8.7727556 | S89: 0 | Y89: =SUM(Y75:Y88) -> 3.9417533e+08 | Z89: =SUM(Z75:Z88) -> 17.21842
A90: V | B90: PEKERJAAN BANGUNAN SHELTER PENDARATAN IKAN | W90: =(E90+O90)-S90 -> 0
A91: V.1. | B91: Pekerjaan Struktural | W91: =(E91+O91)-S91 -> 0
A92: 1 | B92: Pekerjaan Bouwplank dan Uitzet | E92: ='5. Vol Pndrtn Ikan (4x5)'!$P$12 -> 22 | F92: m¹ | G92: 167131.8 | H92: =E92*G92 -> 3676899.6 | I92: ='Resume Analisa'!$D$9 -> 174862.27 | J92: =E92*I92 -> 3846969.9 | K92: =IF(H92=0,"",IF(J92<#REF!*H92,"Timpang <"&TEXT(#REF!,"0%"),IF(J92>#REF!*H92,"Timpang >"&TEXT(#REF!,"0%"),"Wajar"))) -> #REF! | L92: 174862.27 | M92: =E92*L92 -> 3846969.9 | N92: =M92/$M$8*100 -> 0.16804386 | O92: 0 | Q92: =O92*L92 -> 0 | R92: =Q92/$M$8*100 -> 0 | S92: 0 | U92: =S92*L92 -> 0 | W92: ='5. Vol Pndrtn Ikan (4x5)'!$P$12 -> 22 | X92: m¹ | Y92: =W92*L92 -> 3846969.9 | Z92: =Y92/$M$8*100 -> 0.16804386 | AA92: Tetap
A93: =A92+1 -> 2 | B93: Pekerjaan Tapak Beton 30x80x80 cm | N93: =M93/$M$8*100 -> 0 | O93: 0 | Q93: =O93*L93 -> 0 | R93: =Q93/$M$8*100 -> 0 | S93: 0 | U93: =S93*L93 -> 0 | Z93: =Y93/$M$8*100 -> 0
A94: a | B94: Pekerjaan Galian Tanah s/d 1 m | E94: ='5. Vol Pndrtn Ikan (4x5)'!$N$14 -> 4.8 | F94: m³ | G94: 50600 | H94: =E94*G94 -> 242880 | I94: ='Resume Analisa'!$D$18 -> 49036.76 | J94: =E94*I94 -> 235376.45 | K94: =IF(H94=0,"",IF(J94<#REF!*H94,"Timpang <"&TEXT(#REF!,"0%"),IF(J94>#REF!*H94,"Timpang >"&TEXT(#REF!,"0%"),"Wajar"))) -> #REF! | L94: 49036.76 | M94: =E94*L94 -> 235376.45 | N94: =M94/$M$8*100 -> 0.010281746 | O94: 0 | Q94: =O94*L94 -> 0 | R94: =Q94/$M$8*100 -> 0 | S94: 0 | U94: =S94*L94 -> 0 | W94: ='5. Vol Pndrtn Ikan (4x5)'!$N$14 -> 4.8 | X94: m³ | Y94: =W94*L94 -> 235376.45 | Z94: =Y94/$M$8*100 -> 0.010281746 | AA94: Tetap
A95: b | B95: Pekerjaan Urugan Pasir t = 7 cm | E95: ='5. Vol Pndrtn Ikan (4x5)'!$N$15 -> 0.28 | F95: m³ | G95: 507759.96 | H95: =E95*G95 -> 142172.79 | I95: ='Resume Analisa'!$D$26 -> 475358.64 | J95: =E95*I95 -> 133100.42 | K95: =IF(H95=0,"",IF(J95<#REF!*H95,"Timpang <"&TEXT(#REF!,"0%"),IF(J95>#REF!*H95,"Timpang >"&TEXT(#REF!,"0%"),"Wajar"))) -> #REF! | L95: 475358.64 | M95: =E95*L95 -> 133100.42 | N95: =M95/$M$8*100 -> 0.0058141104 | O95: 0 | Q95: =O95*L95 -> 0 | R95: =Q95/$M$8*100 -> 0 | S95: 0 | U95: =S95*L95 -> 0 | W95: ='5. Vol Pndrtn Ikan (4x5)'!$N$15 -> 0.28 | X95: m³ | Y95: =W95*L95 -> 133100.42 | Z95: =Y95/$M$8*100 -> 0.0058141104 | AA95: Tetap
A96: c | B96: Pekerjaan Lantai Kerja t = 3 cm | E96: ='5. Vol Pndrtn Ikan (4x5)'!$N$16 -> 0.12 | F96: m³ | G96: 1422226.1 | H96: =E96*G96 -> 170667.13 | I96: ='Resume Analisa'!$D$54 -> 1384580.8 | J96: =E96*I96 -> 166149.69 | K96: =IF(H96=0,"",IF(J96<#REF!*H96,"Timpang <"&TEXT(#REF!,"0%"),IF(J96>#REF!*H96,"Timpang >"&TEXT(#REF!,"0%"),"Wajar"))) -> #REF! | L96: 1384580.8 | M96: =E96*L96 -> 166149.69 | N96: =M96/$M$8*100 -> 0.0072577731 | O96: 0 | Q96: =O96*L96 -> 0 | R96: =Q96/$M$8*100 -> 0 | S96: 0 | U96: =S96*L96 -> 0 | W96: ='5. Vol Pndrtn Ikan (4x5)'!$N$16 -> 0.12 | X96: m³ | Y96: =W96*L96 -> 166149.69 | Z96: =Y96/$M$8*100 -> 0.0072577731 | AA96: Tetap
A97: d | B97: Pekerjaan Bekesting Pasangan Batako | E97: ='5. Vol Pndrtn Ikan (4x5)'!$N$17 -> 4.8 | F97: m³ | G97: 188325.18 | H97: =E97*G97 -> 903960.86 | I97: ='Resume Analisa'!$D$68 -> 181829.52 | J97: =E97*I97 -> 872781.7 | K97: =IF(H97=0,"",IF(J97<#REF!*H97,"Timpang <"&TEXT(#REF!,"0%"),IF(J97>#REF!*H97,"Timpang >"&TEXT(#REF!,"0%"),"Wajar"))) -> #REF! | L97: 181829.52 | M97: =E97*L97 -> 872781.7 | N97: =M97/$M$8*100 -> 0.038124967 | O97: 0 | Q97: =O97*L97 -> 0 | R97: =Q97/$M$8*100 -> 0 | S97: 0 | U97: =S97*L97 -> 0 | W97: ='5. Vol Pndrtn Ikan (4x5)'!$N$17 -> 4.8 | X97: m³ | Y97: =W97*L97 -> 872781.7 | Z97: =Y97/$M$8*100 -> 0.038124967 | AA97: Tetap
A98: e | B98: Pekerjaan Pembesian Besi Beton D10 mm - 150 | E98: ='5. Vol Pndrtn Ikan (4x5)'!$N$18 -> 68.0616 | F98: kg | G98: 19151.18 | H98: =E98*G98 -> 1303460 | I98: ='Resume Analisa'!$D$48 -> 18790.97 | J98: =E98*I98 -> 1278943.5 | K98: =IF(H98=0,"",IF(J98<#REF!*H98,"Timpang <"&TEXT(#REF!,"0%"),IF(J98>#REF!*H98,"Timpang >"&TEXT(#REF!,"0%"),"Wajar"))) -> #REF! | L98: 18790.97 | M98: =E98*L98 -> 1278943.5 | N98: =M98/$M$8*100 -> 0.055866981 | O98: 0 | Q98: =O98*L98 -> 0 | R98: =Q98/$M$8*100 -> 0 | S98: 0 | U98: =S98*L98 -> 0 | W98: ='5. Vol Pndrtn Ikan (4x5)'!$N$18 -> 68.0616 | X98: kg | Y98: =W98*L98 -> 1278943.5 | Z98: =Y98/$M$8*100 -> 0.055866981 | AA98: Tetap
A99: f | B99: Pekerjaan beton semi mekanis setara fc = 20 | E99: ='5. Vol Pndrtn Ikan (4x5)'!$N$19 -> 0.768 | F99: m³ | G99: 1584130 | H99: =E99*G99 -> 1216611.8 | I99: ='Resume Analisa'!$D$55 -> 1535009.1 | J99: =E99*I99 -> 1178887 | K99: =IF(H99=0,"",IF(J99<#REF!*H99,"Timpang <"&TEXT(#REF!,"0%"),IF(J99>#REF!*H99,"Timpang >"&TEXT(#REF!,"0%"),"Wajar"))) -> #REF! | L99: 1535009.1 | M99: =E99*L99 -> 1178887 | N99: =M99/$M$8*100 -> 0.051496301 | O99: 0 | Q99: =O99*L99 -> 0 | R99: =Q99/$M$8*100 -> 0 | S99: 0 | U99: =S99*L99 -> 0 | W99: ='5. Vol Pndrtn Ikan (4x5)'!$N$19 -> 0.768 | X99: m³ | Y99: =W99*L99 -> 1178887 | Z99: =Y99/$M$8*100 -> 0.051496301 | AA99: Tetap
A100: g | B100: Pekerjaan Cerucuk Kayu Dolken Ø 6 - 8 cm | E100: ='5. Vol Pndrtn Ikan (4x5)'!$N$20 -> 80 | F100: m¹ | G100: 34019.88 | H100: =E100*G100 -> 2721590.4 | I100: ='Resume Analisa'!$D$37 -> 33453.23 | J100: =I100*E100 -> 2676258.4 | K100: =IF(H100=0,"",IF(J100<#REF!*H100,"Timpang <"&TEXT(#REF!,"0%"),IF(J100>#REF!*H100,"Timpang >"&TEXT(#REF!,"0%"),"Wajar"))) -> #REF! | L100: 33453.23 | M100: =E100*L100 -> 2676258.4 | N100: =M100/$M$8*100 -> 0.11690468 | O100: 0 | Q100: =O100*L100 -> 0 | R100: =Q100/$M$8*100 -> 0 | S100: 0 | U100: =S100*L100 -> 0 | W100: ='5. Vol Pndrtn Ikan (4x5)'!$N$20 -> 80 | X100: m¹ | Y100: =W100*L100 -> 2676258.4 | Z100: =Y100/$M$8*100 -> 0.11690468 | AA100: Tetap
A101: =A93+1 -> 3 | B101: Pekerjaan Pondasi Batu Belah | N101: =M101/$M$8*100 -> 0 | O101: 0 | Q101: =O101*L101 -> 0 | R101: =Q101/$M$8*100 -> 0 | S101: 0 | U101: =S101*L101 -> 0 | Z101: =Y101/$M$8*100 -> 0
A102: a | B102: Pekerjaan Galian Tanah keras s.d 1 m | E102: ='5. Vol Pndrtn Ikan (4x5)'!$P$25 -> 12.53 | F102: m³ | G102: 50600 | H102: =E102*G102 -> 634018 | I102: ='Resume Analisa'!$D$18 -> 49036.76 | J102: =I102*E102 -> 614430.6 | K102: =IF(H102=0,"",IF(J102<#REF!*H102,"Timpang <"&TEXT(#REF!,"0%"),IF(J102>#REF!*H102,"Timpang >"&TEXT(#REF!,"0%"),"Wajar"))) -> #REF! | L102: 49036.76 | M102: =E102*L102 -> 614430.6 | N102: =M102/$M$8*100 -> 0.02683964 | O102: 0 | Q102: =O102*L102 -> 0 | R102: =Q102/$M$8*100 -> 0 | S102: 0 | U102: =S102*L102 -> 0 | W102: ='5. Vol Pndrtn Ikan (4x5)'!$P$25 -> 12.53 | X102: m³ | Y102: =W102*L102 -> 614430.6 | Z102: =Y102/$M$8*100 -> 0.02683964 | AA102: Tetap
A103: b | B103: Pekerjaan Pancang Cerucuk Dolken | E103: ='5. Vol Pndrtn Ikan (4x5)'!$P$30*0 -> 0 | F103: m¹ | G103: 34019.88 | H103: =E103*G103 -> 0 | I103: ='Resume Analisa'!$D$37 -> 33453.23 | J103: =I103*E103 -> 0 | K103: =IF(H103=0,"",IF(J103<#REF!*H103,"Timpang <"&TEXT(#REF!,"0%"),IF(J103>#REF!*H103,"Timpang >"&TEXT(#REF!,"0%"),"Wajar"))) | L103: 33453.23 | M103: =E103*L103 -> 0 | N103: =M103/$M$8*100 -> 0 | O103: 0 | Q103: =O103*L103 -> 0 | R103: =Q103/$M$8*100 -> 0 | S103: 0 | U103: =S103*L103 -> 0 | W103: ='5. Vol Pndrtn Ikan (4x5)'!$P$30*0 -> 0 | X103: m¹ | Y103: =W103*L103 -> 0 | Z103: =Y103/$M$8*100 -> 0 | AA103: Tetap
...

Sheet 12. Vol Levelling
A1: NO | B1: JENIS PEKERJAAN | C1: PANJANG | D1: LEBAR | E1: TINGGI | F1: JUMLAH | G1: TITIK | H1: SISI | I1: TEKUKAN | J1: OVERLAP | L1: BJ | M1: UNIT | N1: VOLUME | O1: SAT | P1: PEMBULATAN
J2: BAWAH | K2: ATAS
A5: 16 | B5: PEKERJAAN LEVELLING
A6: 1 | B6: Pekerjaan Urugan Tanah mendatangkan | C6: 11.09 | D6: 15.68 | E6: 0.96 | N6: =C6*D6*E6 -> 166.93555 | O6: m³ | P6: =ROUND((N6),2) -> 166.94
A8: 2 | B8: Segmen 1 | C8: 3.23 | D8: 15.68 | E8: 7.65 | N8: =C8*D8*E8 -> 387.44496 | O8: m³ | P8: =ROUND((N8),2) -> 387.44
C9: =(26.5+22.5)/2 -> 24.5 | D9: 13.5 | E9: 0.45 | N9: =C9*D9*E9 -> 148.8375
A10: 3 | B10: Segmen 2 | C10: 14.94 | D10: 15.68 | E10: 0.57 | N10: =C10*D10*E10 -> 133.52774 | O10: m³ | P10: =ROUND((N10),2) -> 133.53
C11: 21 | D11: 13.5 | E11: 0.5 | N11: =C11*D11*E11 -> 141.75
A12: 4 | B12: Segmen 3 | C12: 20.54 | D12: 15.68 | E12: 1.26 | N12: =C12*D12*E12 -> 405.80467 | O12: m³ | P12: =ROUND((N12),2) -> 405.8
C13: 26 | D13: 2 | E13: 1.6 | N13: =C13*D13*E13 -> 83.2
A14: 5 | B14: Segmen 4 | C14: 0.68 | D14: 15.68 | E14: 0.021 | N14: =C14*D14*E14 -> 0.2239104 | O14: m³ | P14: =ROUND((N14),2) -> 0.22
C15: 45 | D15: 2 | E15: 1.8 | N15: =C15*D15*E15 -> 162
H16: dibagi tiap 20 cm
E17: =E6 -> 0.96 | H17: =ROUNDDOWN((E17/0.2),0.5) -> 4
N18: =N9+N11+N13+N15 -> 535.7875 | P18: =N18-P20 -> 368.8475
P19: =193.1958+0.001557 -> 193.19736
A20: =A6+1 -> 2 | B20: Pekerjaan Pemadatan Tanah Urug dengan alat berat tiap 20 cm | C20: vol. urugan tanah | N20: =N6 -> 166.93555 | O20: m³ | P20: =ROUND((N20),2) -> 166.94

Sheet Resume Analisa
A1: RESUME PEKERJAAN
A3: NO | B3: JENIS PEKERJAAN | C3: KODE ANALISA | D3: NILAI PEKERJAAN | E3: NILAI TKDN
A6: 1 | B6: =ANALISA!C5 -> Pembuatan 1 m2 kantor sementara/rumah jaga/gudang semen dan peralatan lantai plesteran, dinding setengah tembok (Lihat Peraturan Menteri Pekerjaan Umum dan Perumahan Rakyat Nomor 8 Tahun 2023 Lampiran B U.1.3.c (c)) | C6: =ANALISA!B5 -> 1.1.2.3 | D6: =ANALISA!G31 -> 1362404.6 | E6: =ANALISA!I29 -> 0.96738246
A7: =A6+1 -> 2 | B7: =ANALISA!C33 -> Pekerjaan 1 buah papan nama pekerjaan ukuran 0,8x1,2 menggunakan multiflex 18 mm, frame besi siku dan tiang kayu 8/12 (Lihat Peraturan Menteri Pekerjaan Umum dan Perumahan Rakyat Nomor 8 Tahun 2023 Lampiran B U.1.3.f.1 (a)) | C7: =ANALISA!B33 -> 1.1.2.1 | D7: =ANALISA!G53 -> 1545681.2 | E7: =ANALISA!I51 -> 0.80437169
A8: =A7+1 -> 3 | B8: =ANALISA!C55 -> Pembuatan 1 m’ pagar sementara dari seng gelombang rangka kayu tinggi 2 meter (Lihat Peraturan Menteri Pekerjaan Umum dan Perumahan Rakyat Nomor 8 Tahun 2023 Lampiran B U.1.1.2 (c)) | C8: =ANALISA!B55 -> 1.1.1.2 | D8: =ANALISA!G77 -> 471000.4 | E8: =ANALISA!I75 -> 0.97287436
A9: =A8+1 -> 4 | B9: =ANALISA!C79 -> Pasangan 1 m’ bouwplank (Lihat Peraturan Menteri Pekerjaan Umum dan Perumahan Rakyat Nomor 8 Tahun 2023 Lampiran B U.1.2.1.d (a)) | C9: =ANALISA!B79 -> 1.1.4.2 | D9: =ANALISA!G96 -> 174862.27 | E9: =ANALISA!I94 -> 0.99657859
A10: =A9+1 -> 5 | B10: =ANALISA!C98 -> Pekerjaan 1 m¹ Pengukuran dan Pematokan Pagar/Saluran | C10: =ANALISA!B98 -> T.02.a | D10: =ANALISA!G112 -> 4395.47 | E10: =ANALISA!I110 -> 1
A11: =A10+1 -> 6 | B11: =ANALISA!C114 -> Pekerjaan 1 Ha Pengukuran Ulang Topografi | C11: =ANALISA!B114 -> 1.1.4.1 | D11: =ANALISA!G132 -> 3280507.4 | E11: =ANALISA!I130 -> 0.5198278
A12: =A11+1 -> 7 | B12: =ANALISA!C134 -> Pekerjaan 1 m² Stake Out Posisi Trase Saluran/Infrastruktur | C12: =ANALISA!B134 -> T.04.a.1 | D12: =ANALISA!G149 -> 3324.91 | E12: =ANALISA!I147 -> 1
A13: =A12+1 -> 8 | B13: =ANALISA!C151 -> Pekerjaan 1 m²Pembersihan dari tanaman/tumbuhan | C13: =ANALISA!B151 -> 1.1.3.3 | D13: =ANALISA!G162 -> 6129.6 | E13: =ANALISA!I160 -> 1
A14: =A13+1 -> 9 | B14: =ANALISA!C165 -> Pekerjaan 1 m² Perancah untuk Pekerjaan Tambatan Perahu (badan kontruksi & 2 sisi Jalan bantu L = 1,2 m) | C14: =ANALISA!B165 -> Analisa Sendiri | D14: =ANALISA!G388 -> 217446.92 | E14: =ANALISA!I388 -> 1
A15: =A14+1 -> 10 | B15: =ANALISA!C391 -> Pekerjaan 1 m3 Mengangkut Material dengan Jarak angkut 66 m | C15: =ANALISA!B391 -> Analisa Sendiri | D15: =ANALISA!G412 -> 434188.12 | E15: =ANALISA!I412 -> 1
A16: =A15+1 -> 11 | B16: =ANALISA!C414 -> Pekerjaan 1 m3 Mengangkut Material dengan Jarak angkut 120 m | C16: =ANALISA!B414 -> Analisa Sendiri | D16: =ANALISA!G435 -> 822205.44 | E16: =ANALISA!I435 -> 1
A17: =A16+1 -> 12 | B17: =ANALISA!C437 -> Pekerjaan 1 Tiang Demobilisasi+Setting Kolom Dan Tapak Precast termasuk pasang Penyokong/Pengaku Tiang | C17: =ANALISA!B437 -> Analisa Sendiri | D17: =ANALISA!G479 -> 249717.86 | E17: =ANALISA!I479 -> 1
A18: =A17+1 -> 13 | B18: =ANALISA!C481 -> Pekerjaan 1 m³ Galian Tanah Biasa sedalam 0 s/d 1 m | C18: =ANALISA!B481 -> 1.2.1.1.3 | D18: =ANALISA!G492 -> 49036.76 | E18: =ANALISA!I490 -> 1
A19: =A18+1 -> 14 | B19: =ANALISA!C494 -> Pekerjaan 1 m³ Galian Tanah Biasa sedalam 1 s/d 2 m | C19: =ANALISA!B494 -> 1.2.1.1.4 | D19: =ANALISA!G505 -> 105018.5 | E19: =ANALISA!I503 -> 1
A20: =A19+1 -> 15 | B20: =ANALISA!C507 -> Pekerjaan 1 m³ Galian Tanah Biasa sedalam 2 s/d 3 m | C20: =ANALISA!B507 -> 1.2.1.1.6 | D20: =ANALISA!G518 -> 124233.94 | E20: =ANALISA!I516 -> 1
A21: =A20+1 -> 16 | B21: =ANALISA!C520 -> Pekerjaan 1 m³ Galian Tanah Cadas/Keras sedalam 0 s/d 1 m | C21: =ANALISA!B520 -> 1.2.3.2.1 | D21: =ANALISA!G532 -> 89046.29 | E21: =ANALISA!I530 -> 1
A22: =A21+1 -> 17 | B22: =ANALISA!C534 -> Pekerjaan 1 m³ Galian Tanah Cadas/Keras sedalam 1 s/d 2 m | C22: =ANALISA!B534 -> 1.2.3.2.2 | D22: =ANALISA!G546 -> 102740.72 | E22: =ANALISA!I544 -> 1
A23: =A22+1 -> 18 | B23: =ANALISA!C599 -> Pekerjaan 1 m³ Buang Tanah bekas Galian Tanah | C23: =ANALISA!B599 -> Analisa Sendiri | D23: =ANALISA!G610 -> 24211.9 | E23: =ANALISA!I608 -> 1
A24: =A23+1 -> 19 | B24: =ANALISA!C612 -> Pekerjaan 1 m³ Urukan tanah biasa atau tanah liat berpasir tanpa pemadatan secara manual (Lihat Peraturan Menteri Pekerjaan Umum dan Perumahan Rakyat Nomor 8 Tahun 2023 Lampiran B U.3.5.1.d (a)) | C24: =ANALISA!B612 -> 1.3.1.4 | D24: =ANALISA!G622 -> 189662.29 | E24: =ANALISA!I620 -> 1
A25: =A24+1 -> 20 | B25: =ANALISA!C636 -> Pekerjaan 1 m³ Pemadatan Tanah dihampar serta dipadatkan dengan alat berat | C25: =ANALISA!B636 -> 10.1.(7) | D25: =ANALISA!G710 -> 168172.15 | E25: =ANALISA!I707 -> 1
A26: =A25+1 -> 21 | B26: =ANALISA!C712 -> Pekerjaan 1 m3 Urukan dengan Pasir Uruk untuk volume s.d 200 m3 tanpa pemadatan secara manual (Lihat Peraturan Menteri Pekerjaan Umum dan Perumahan Rakyat Nomor 8 Tahun 2023 Lampiran B U.3.5.1.b (c)) | C26: =ANALISA!B712 -> 1.3.1.2 | D26: =ANALISA!G722 -> 475358.64 | E26: =ANALISA!I720 -> 1
A27: =A26+1 -> 22 | B27: =ANALISA!C724 -> Pekerjaan 1 m³ Urugan Batu Makadam | C27: =ANALISA!B724 -> 1.3.1.6 | D27: =ANALISA!G734 -> 507538.31 | E27: =ANALISA!I732 -> 1
A28: =A27+1 -> 23 | B28: =ANALISA!C736 -> Pekerjaan 1 m³ Urugan Sirtu | C28: =ANALISA!B736 -> 1.3.1.6 | D28: =ANALISA!G746 -> 438737.73 | E28: =ANALISA!I744 -> 1
A29: =A28+1 -> 24 | B29: =ANALISA!C748 -> Pekerjaan 1 m³ Urugan Gravel | C29: =ANALISA!B748 -> 1.3.1.6 | D29: =ANALISA!G758 -> 827250.2 | E29: =ANALISA!I756 -> 1
A30: =A29+1 -> 25 | B30: =ANALISA!C760 -> Pekerjaan 1 m³ Urugan Tanah Kompos/Subur Mendatangkan | C30: =ANALISA!B760 -> 1.3.1.7 | D30: =ANALISA!G770 -> 465663.72 | E30: =ANALISA!I768 -> 1
A31: =A30+1 -> 26 | B31: =ANALISA!C772 -> Pekerjaan 1 m3 Pemadatan dengan Stamper | C31: =ANALISA!B772 -> 1.3.3.1 | D31: =ANALISA!G780 -> 37946.62 | E31: =ANALISA!I778 -> 1
A32: =A31+1 -> 27 | B32: =ANALISA!C782 -> Pekerjaan 1 m² Penanaman Rumput Gajah Mini | C32: =ANALISA!B782 -> Analisa Sendiri | D32: =ANALISA!G792 -> 133614.54 | E32: =ANALISA!I790 -> 1
A33: =A32+1 -> 28 | B33: =ANALISA!C794 -> Pekerjan 1 ttk Pengujian Crosshole Sonic Logging (CSL) pada tiang bor beton termasuk mobilisasi alat dan personil | C33: =ANALISA!B794 -> G.110 | D33: =ANALISA!G816 -> 11093158 | E33: =ANALISA!I814 -> 1
A34: =A33+1 -> 29 | B34: =ANALISA!C818 -> Pekerjaan 1 m³ Pondasi Batu Kosong / Aanstamping | C34: =ANALISA!B818 -> 2.2.2.1.1 | D34: =ANALISA!G834 -> 824806.04 | E34: =ANALISA!I832 -> 1
A35: =A34+1 -> 30 | B35: =ANALISA!C836 -> Pekerjaan 1 m³ Pondasi Batu Belah 1 : 5 | C35: =ANALISA!B836 -> 2.2.2.1.9 | D35: =ANALISA!G852 -> 1193268.8 | E35: =ANALISA!I850 -> 1
A36: =A35+1 -> 31 | B36: =ANALISA!C854 -> Pekerjaan 1 m³ Pondasi Batu Belah 1 : 2 | C36: =ANALISA!B854 -> 2.2.2.1.2 | D36: =ANALISA!G870 -> 1452345.1 | E36: =ANALISA!I868 -> 1
A37: =A36+1 -> 32 | B37: =ANALISA!C872 -> Pekerjaan 1 m¹ Pengadaan dan Pemancangan Cerucuk Dolken Kayu Ø 6 - 8 cm | C37: =ANALISA!B872 -> 2.6.2.1 | D37: =ANALISA!G887 -> 33453.23 | E37: =ANALISA!I885 -> 0.54387447
A38: =A37+1 -> 33 | B38: =ANALISA!C889 -> Pekerjaan 1 m² Bekisting Kayu untuk Pondasi 3 Kali Pakai | C38: =ANALISA!B889 -> 2.2.1.3.1 | D38: =ANALISA!G905 -> 219134.12 | E38: =ANALISA!I903 -> 0.46792679
A39: =A38+1 -> 34 | B39: =ANALISA!C907 -> Pekerjaan 1 m² Bekisting Kayu untuk Sloof 3 Kali Pakai | C39: =ANALISA!B907 -> 2.2.1.3.3 | D39: =ANALISA!G923 -> 232328.86 | E39: =ANALISA!I921 -> 0.95249221
A40: =A39+1 -> 35 | B40: =ANALISA!C925 -> Pekerjaan 1 m² Bekisting Kayu untuk Kolom 3 Kali Pakai | C40: =ANALISA!B925 -> 2.2.1.3.4 | D40: =ANALISA!G943 -> 245946.97 | E40: =ANALISA!I941 -> 0.93457086
A41: =A40+1 -> 36 | B41: =ANALISA!C946 -> Pekerjaan 1 m² Bekisting Kayu untuk Lantai 3 Kali Pakai | C41: =ANALISA!B946 -> 2.2.1.3.6 | D41: =ANALISA!G964 -> 290443.69 | E41: =ANALISA!I962 -> 0.94459477
A42: =A41+1 -> 37 | B42: =ANALISA!C966 -> Pekerjaan 1 m² Bekisting Kayu untuk Balok 3 Kali Pakai | C42: =ANALISA!B966 -> 2.2.1.3.5 | D42: =ANALISA!G984 -> 252902.38 | E42: =ANALISA!I982 -> 0.93637031
A43: =A42+1 -> 38 | B43: =ANALISA!C986 -> Pekerjaan 1 m² Bekesting Dinding Beton | C43: =ANALISA!B986 -> 2.2.1.3.7 | D43: =ANALISA!G1006 -> 477633.36 | E43: =ANALISA!I1004 -> 0.96630868
A44: =A43+1 -> 39 | B44: =ANALISA!C1008 -> Pekerjaan 1 m² Bekesting untuk Tangga | C44: =ANALISA!B1008 -> 2.2.1.3.8 | D44: =ANALISA!G1027 -> 246256.05 | E44: =ANALISA!I1025 -> 0.93140114
A45: =A44+1 -> 40 | B45: =ANALISA!C1029 -> Pekerjaan 1 m² Perancah Scafolding | C45: =ANALISA!B1029 -> Analisa Sendiri | D45: =ANALISA!G1042 -> 1677188.7 | E45: =ANALISA!I1040 -> 1
A46: =A45+1 -> 41 | B46: =ANALISA!C1044 -> Pekerjaan 1 m² Perancah Bambu | C46: =ANALISA!B1044 -> A.2.2.1.10 (K3) | D46: =ANALISA!G1060 -> 387277.2 | E46: =ANALISA!I1058 -> 1
A47: =A46+1 -> 42 | B47: =ANALISA!C1062 -> Pekerjaan 1 kg Pembesian Besi Beton > 12 mm secara semi mekanis | C47: =ANALISA!B1062 -> 2.2.1.1.4 | D47: =ANALISA!G1079 -> 26179.68 | E47: =ANALISA!I1077 -> 0.58925544
A48: =A47+1 -> 43 | B48: =ANALISA!C1081 -> Pekerjaan 1 kg Pembesian Besi Beton < 12 mm secara manual | C48: =ANALISA!B1081 -> 2.2.1.1.3 | D48: =ANALISA!G1094 -> 18790.97 | E48: =ANALISA!I1092 -> 0.45731144
A49: =A48+1 -> 44 | B49: =ANALISA!C1096 -> Pekerjaan 1 bh Pemasangan Stek Angkur D 13 mm - 500 | C49: =ANALISA!B1096 -> Analisa Sendiri | D49: =ANALISA!G1105 -> 14562.33 | E49: =ANALISA!I1103 -> 0.67590073
A50: =A49+1 -> 45 | B50: =ANALISA!C1107 -> Pekerjaan 1 m² Pembesian Wiremesh M6-150 | C50: =ANALISA!B1107 -> 2.2.1.1.5 | D50: =ANALISA!G1120 -> 45845.41 | E50: =ANALISA!I1118 -> 0.46480126
A51: =A50+1 -> 46 | B51: =ANALISA!C1122 -> Pekerjaan 1 m² Pembesian Wiremesh M8-150 | C51: =ANALISA!B1122 -> 2.2.1.1.5b | D51: =ANALISA!G1135 -> 78144.03 | E51: =ANALISA!I1133 -> 0.46594218
A52: =A51+1 -> 47 | B52: =ANALISA!C1137 -> Pekerjaan 1 kg Fabrikasi dan Ereksi Baja Profil | C52: =ANALISA!B1137 -> 2.3.1.1 | D52: =ANALISA!G1154 -> 55340.1 | E52: =ANALISA!I1152 -> 0.67191676
A53: =A52+1 -> 48 | B53: =ANALISA!C1156 -> Pekerjaan 1 cm Pengelasan | C53: =ANALISA!B1156 -> 2.2.2.4.18 | D53: =ANALISA!G1170 -> 51957.53 | E53: =ANALISA!I1168 -> 0.61906717
A54: =A53+1 -> 49 | B54: =ANALISA!C1172 -> Pekerjaan 1 m³ Lantai Kerja beton mutu f'c = 7,5 Mpa secara manual | C54: =ANALISA!B1172 -> 2.2.1.4.1 | D54: =ANALISA!G1187 -> 1384580.8 | E54: =ANALISA!I1185 -> 0.96985265
A55: =A54+1 -> 50 | B55: =ANALISA!C1189 -> Pekerjaan 1 m³ Beton Site Mix mutu f'c = 20 Mpa secara semi mekanis | C55: =ANALISA!B1189 -> 2.2.1.5.4 | D55: =ANALISA!G1207 -> 1535009.1 | E55: =ANALISA!I1205 -> 0.9621474
A56: =A55+1 -> 51 | B56: =ANALISA!C1209 -> Pekerjaan 1 m³ Beton Site Mix mutu f'c = 25 Mpa secara semi mekanis | C56: =ANALISA!B1209 -> 2.2.1.5.6 | D56: =ANALISA!G1227 -> 1635953.1 | E56: =ANALISA!I1225 -> 0.95846148
A57: =A56+1 -> 52 | B57: =ANALISA!C1229 -> Pekerjaan 1 m³ Cor Beton Ready Mix K-300 | C57: =ANALISA!B1229 -> 2.2.1.6.1 | D57: =ANALISA!G1243 -> 1908060.4 | E57: =ANALISA!I1241 -> 0.88970352
A58: =A57+1 -> 53 | B58: =ANALISA!C1245 -> Pekerjaan 1 m³ Cor Beton Ready Mix K-250 | C58: =ANALISA!B1245 -> 2.2.1.6.1 | D58: =ANALISA!G1259 -> 1678097.4 | E58: =ANALISA!I1257 -> 0.89022475
A59: =A58+1 -> 54 | B59: =ANALISA!C1261 -> Pekerjaan 1 m³ Cor Beton dengan Pompa Beton | C59: =ANALISA!B1261 -> 2.2.1.7.4 | D59: =ANALISA!G1273 -> 510520.56 | E59: =ANALISA!I1271 -> 0.88918788
A60: =A59+1 -> 55 | B60: =ANALISA!C1275 -> Pekerjaan 1 m³ Pemadatan Beton dengan Vibrator | C60: =ANALISA!B1275 -> 2.2.1.8.2 | D60: =ANALISA!G1287 -> 42304.98 | E60: =ANALISA!I1285 -> 0.91235123
A61: =A60+1 -> 56 | B61: =ANALISA!C1289 -> Pekerjaan 1 m³ Grouting | C61: =ANALISA!B1289 -> 2.2.1.11.1 | D61: =ANALISA!G1304 -> 28315031 | E61: =ANALISA!I1302 -> 0.88887876
A62: =A61+1 -> 57 | B62: =ANALISA!C1306 -> Pekerjaan 1 m² Atap Pelana Rangka Baja Ringan Profil C75 | C62: =ANALISA!B1306 -> 2.1.1.1 | D62: =ANALISA!G1320 -> 175531.1 | E62: =ANALISA!I1318 -> 0.59283582
A63: =A62+1 -> 58 | B63: =ANALISA!C1322 -> Pekerjaan 1 m² Atap Jurai/Limasan Rangka Baja Ringan Profil C75 | C63: =ANALISA!B1322 -> 2.1.1.2 | D63: =ANALISA!G1336 -> 178300.8 | E63: =ANALISA!I1334 -> 0.59916065
A64: =A63+1 -> 59 | B64: =ANALISA!C1338 -> Pekerjaan 1 m² Penutup Atap Spandek Berpasir t = 0,3 mm | C64: =ANALISA!B1338 -> 3.1.3.8 | D64: =ANALISA!G1353 -> 240387.47 | E64: =ANALISA!I1351 -> 0.61887235
A65: =A64+1 -> 60 | B65: =ANALISA!C1355 -> Pekerjaan 1 m¹ Nok Atap Spandek Berpasir | C65: =ANALISA!B1355 -> 3.1.3.14 | D65: =ANALISA!G1370 -> 172082.08 | E65: =ANALISA!I1368 -> 0.75072207
A66: =A65+1 -> 61 | B66: =ANALISA!C1372 -> Pekerjaan 1 m¹ Pemasangan Talang Air Galvalum Datar termasuk asesoris | C66: =ANALISA!B1372 -> 3.3.1 | D66: =ANALISA!G1388 -> 263953.74 | E66: =ANALISA!I1386 -> 0.94489799
A67: =A66+1 -> 62 | B67: =ANALISA!C1390 -> Pekerjaan 1 m¹ Pemasangan Listplank GRC L = 30 cm | C67: =ANALISA!B1390 -> 3.3.5 | D67: =ANALISA!G1405 -> 110227.32 | E67: =ANALISA!I1403 -> 0.88646623
A68: =A67+1 -> 63 | B68: =ANALISA!C1407 -> Pekerjaan 1 m² Pasangan Batako | C68: =ANALISA!B1407 -> 3.6.5.2 | D68: =ANALISA!G1421 -> 181829.52 | E68: =ANALISA!I1419 -> 0.97772314
A69: =A68+1 -> 64 | B69: =ANALISA!C1423 -> Pekerjaan 1 m² Pasangan ½ Bata Merah 1 : 5 | C69: =ANALISA!B1423 -> 3.6.1.9 | D69: =ANALISA!G1437 -> 161086.38 | E69: =ANALISA!I1435 -> 0.98996669
A70: =A69+1 -> 65 | B70: =ANALISA!C1440 -> Pekerjaan 1 m² Plesteran | C70: =ANALISA!B1440 -> 3.7.5 | D70: =ANALISA!G1455 -> 58648.57 | E70: =ANALISA!I1453 -> 0.98524174
A71: =A70+1 -> 66 | B71: =ANALISA!C1457 -> Pekerjaan 1 m² Plesteran dengan Semen tipe V | C71: =ANALISA!B1457 -> 3.7.5 | D71: =ANALISA!G1472 -> 62624.42 | E71: =ANALISA!I1470 -> 0.98103624
A72: =A71+1 -> 67 | B72: =ANALISA!C1474 -> Pekerjaan 1 m² Acian | C72: =ANALISA!B1474 -> 3.7.8 | D72: =ANALISA!G1488 -> 43813.91 | E72: =ANALISA!I1486 -> 0.98761492
A73: =A72+1 -> 68 | B73: =ANALISA!C1490 -> Pekerjaan 1 m² Acian dengan semen tipe V | C73: =ANALISA!B1490 -> 3.7.8 | D73: =ANALISA!G1504 -> 46306.49 | E73: =ANALISA!I1502 -> 0.98392153
A74: =A73+1 -> 69 | B74: =ANALISA!C1506 -> Pekerjaan 1 m¹ Skonengan tebal = 1 cm, lebar 10 cm | C74: =ANALISA!B1506 -> 3.7.10 | D74: =ANALISA!G1519 -> 52968.27 | E74: =ANALISA!I1517 -> 0.99842391
A75: =A74+1 -> 70 | B75: =ANALISA!C1521 -> Pekerjaan 1 m¹ Skonengan tebal = 1 cm, lebar 10 cm dengan Semen tipe V | C75: =ANALISA!B1521 -> 3.7.10 | D75: =ANALISA!G1534 -> 53351.74 | E75: =ANALISA!I1532 -> 0.99785304
A76: =A75+1 -> 71 | B76: =ANALISA!C1536 -> Pekerjaan 1 m² Pasangan Dinding Roster | C76: =ANALISA!B1536 -> 3.6.3.5 | D76: =ANALISA!G1550 -> 641872.44 | E76: =ANALISA!I1548 -> 0.99635828
A77: =A76+1 -> 72 | B77: =ANALISA!C1552 -> Pekerjaan 1 m² Pasangan Dinding Krawangan GRC Motif Batik | C77: =ANALISA!B1552 -> 3.6.3.3 | D77: =ANALISA!G1566 -> 842796.62 | E77: =ANALISA!I1564 -> 0.62618467
A78: =A77+1 -> 73 | B78: =ANALISA!C1568 -> Pekerjaan 1 m² Pemasangan Penutup ACP (Aluminium Composite Panel) Outdoor, Rangka Besi Hollow Galvanis 4x4, t = 1,6 mm | C78: =ANALISA!B1568 -> Analisa Sendiri | D78: =ANALISA!G1585 -> 1359700.5 | E78: =ANALISA!I1583 -> 0.49394833
A79: =A78+1 -> 74 | B79: =ANALISA!C1587 -> Pekerjaan 1 m² Pengecatan Tembok Luar Baru (Sealer+Water Shield Extreme ex.JOTUN) | C79: =ANALISA!B1587 -> 3.8.10.2 | D79: =ANALISA!G1600 -> 91347.61 | E79: =ANALISA!I1600 -> 0.4823429
A80: =A79+1 -> 75 | B80: =ANALISA!C1602 -> Pekerjaan 1 m² Pengecatan Tembok Luar Baru (Sealer+Cat Tekstur) | C80: =ANALISA!B1602 -> 3.8.10.2 | D80: =ANALISA!G1615 -> 93087.91 | E80: =ANALISA!I1613 -> 0.36867197
A81: =A80+1 -> 76 | B81: =ANALISA!C1617 -> Pekerjaan 1 m² Pengecatan Tembok Dalam Baru | C81: =ANALISA!B1617 -> 3.8.10.1 | D81: =ANALISA!G1631 -> 44323.37 | E81: =ANALISA!I1629 -> 0.62320225
A82: =A81+1 -> 77 | B82: =ANALISA!C1633 -> Pekerjaan 1 m² Pengecatan Plafond | C82: =ANALISA!B1633 -> 3.8.20.1 | D82: =ANALISA!G1648 -> 36706.18 | E82: =ANALISA!I1646 -> 0.76866631
A83: =A82+1 -> 78 | B83: =ANALISA!C1650 -> Pekerjaan 1 m² Pengecatan Epoxy Lantai 2 mm , Top Coat Multipox ex.Propan | C83: =ANALISA!B1650 -> 3.8.21 | D83: =ANALISA!G1662 -> 251976.61 | E83: =ANALISA!I1662 -> 0.65564784
A84: =A83+1 -> 79 | B84: =ANALISA!C1664 -> Pekerjaan 1 m² Pengecatan Dinding ex.Acrillyc | C84: =ANALISA!B1664 -> 3.8.10.2 | D84: =ANALISA!G1679 -> 57007.76 | E84: =ANALISA!I1677 -> 0.71089587
A85: =A84+1 -> 80 | B85: =ANALISA!C1681 -> Pekerjaan 1 m² Floor Hardener ex.Sika | C85: =ANALISA!B1681 -> 3.9.9.9 | D85: =ANALISA!G1693 -> 58413.14 | E85: =ANALISA!I1691 -> 0.85290633
A86: =A85+1 -> 81 | B86: =ANALISA!C1695 -> Pekerjaan 1 m² Waterproofing Coating ex.No Drop anti Panas | C86: =ANALISA!B1695 -> 3.4.4 | D86: =ANALISA!G1707 -> 149703.27 | E86: =ANALISA!I1705 -> 0.73871093
A87: =A86+1 -> 82 | B87: =ANALISA!C1709 -> Pekerjaan 1 m² Lantai Keramik 60 x 60 cm | C87: =ANALISA!B1709 -> A.4.4.3.34 | D87: =ANALISA!G1724 -> 1090297.5 | E87: =ANALISA!I1724 -> 0.86992521
A88: =A87+1 -> 83 | B88: =ANALISA!C1726 -> Pekerjaan 1 m² Lantai Keramik 50 x 50 cm | C88: =ANALISA!B1726 -> A.4.4.3.34 | D88: =ANALISA!G1741 -> 356204.94 | E88: =ANALISA!I1741 -> 0.91696503
A89: =A88+1 -> 84 | B89: =ANALISA!C1743 -> Pekerjaan 1 m² Lantai Keramik 40 x 40 cm | C89: =ANALISA!B1743 -> 3.9.7.4 | D89: =ANALISA!G1758 -> 344417.19 | E89: =ANALISA!I1756 -> 0.85761979
A90: =A89+1 -> 85 | B90: =ANALISA!C1760 -> Pekerjaan 1 m² Lantai Keramik 30 x 30 cm Motif Batu Alam | C90: =ANALISA!B1760 -> 3.9.7.5 | D90: =ANALISA!G1775 -> 483215.69 | E90: =ANALISA!I1773 -> 0.81432716
A91: =A90+1 -> 86 | B91: =ANALISA!C1777 -> Pekerjaan 1 m¹ Plint Lantai Keramik 10 x 60 cm | C91: =ANALISA!B1777 -> 3.9.8.8 | D91: =ANALISA!G1792 -> 106903.66 | E91: =ANALISA!I1790 -> 0.75900439
A92: =A91+1 -> 87 | B92: =ANALISA!C1794 -> Pekerjaan 1 m¹ Plint Lantai Keramik 10 x 40 cm | C92: =ANALISA!B1794 -> 3.9.8.7 | D92: =ANALISA!G1809 -> 35189.32 | E92: =ANALISA!I1807 -> 0.85777135
A93: =A92+1 -> 88 | B93: =ANALISA!C1811 -> Pekerjaan 1 m¹ Dinding Keramik 20 x 40 cm ex.ROMAN | C93: =ANALISA!B1811 -> 3.10.1.4 | D93: =ANALISA!G1826 -> 397154.38 | E93: =ANALISA!I1824 -> 0.79237671
A94: =A93+1 -> 89 | B94: =ANALISA!C1828 -> Pekerjaan 1 m² Pasangan Dinding Bata Terakota | C94: =ANALISA!B1828 -> A.4.4.3.57 | D94: =ANALISA!G1842 -> 557139.72 | E94: =ANALISA!I1840 -> 0.82924604
A95: =A94+1 -> 90 | B95: =ANALISA!C1844 -> Pekerjaan 1 m² Pasangan Dinding Batu Alam Andesit | C95: =ANALISA!B1844 -> 3.10.4.3 | D95: =ANALISA!G1858 -> 396880.95 | E95: =ANALISA!I1856 -> 0.84341862
A96: =A95+1 -> 91 | B96: =ANALISA!C1860 -> Pekerjaan 1 m¹ Pemasangan Kanstin 15x25x40 cm | C96: =ANALISA!B1860 -> BOW O.07 e | D96: =ANALISA!G1874 -> 154643.4 | E96: =ANALISA!I1872 -> 0.81170072
A97: =A96+1 -> 92 | B97: =ANALISA!C1876 -> Pekerjaan 1 m² Pemasangan Paving Block t = 6 cm | C97: =ANALISA!B1876 -> 7.1.1.1 | D97: =ANALISA!G1890 -> 193799.55 | E97: =ANALISA!I1888 -> 0.80915712
A98: =A97+1 -> 93 | B98: =ANALISA!C1892 -> Pekerjaan 1 bh Logo Timbul 40x40 cm, Plat Galvanis + Finish Duco | C98: =ANALISA!B1892 -> Analisa Sendiri | D98: =ANALISA!G1901 -> 2096360 | E98: =ANALISA!I1899 -> 0.46107524
A99: =A98+1 -> 94 | B99: =ANALISA!C1903 -> Pekerjaan 1 bh Logo Timbul 100x100 cm, Plat Galvanis + Finish Duco | C99: =ANALISA!B1903 -> Analisa Sendiri | D99: =ANALISA!G1912 -> 5141242.6 | E99: =ANALISA!I1910 -> 0.46458436
A100: =A99+1 -> 95 | B100: =ANALISA!C1914 -> Pekerjaan 1 bh Huruf Timbul 20x35 cm, Plat Galvanis + Finish Duco | C100: =ANALISA!B1914 -> Analisa Sendiri | D100: =ANALISA!G1923 -> 340903.58 | E100: =ANALISA!I1921 -> 0.48474104
A101: =A100+1 -> 96 | B101: =ANALISA!C1925 -> Pekerjaan 1 bh Huruf Timbul 20x25 cm, Plat Galvanis + Finish Duco | C101: =ANALISA!B1925 -> Analisa Sendiri | D101: =ANALISA!G1934 -> 279522.94 | E101: =ANALISA!I1932 -> 0.49696746
A102: =A101+1 -> 97 | B102: =ANALISA!C1936 -> Pekerjaan 1 bh Huruf Timbul 9x15 cm, Plat Galvanis + Finish Duco | C102: =ANALISA!B1936 -> Analisa Sendiri | D102: =ANALISA!G1945 -> 126569.94 | E102: =ANALISA!I1943 -> 0.52132754
A103: =A102+1 -> 98 | B103: =ANALISA!C1947 -> Pekerjaan 1 bh Huruf Timbul 7x10 cm, Plat Galvanis + Finish Duco | C103: =ANALISA!B1947 -> Analisa Sendiri | D103: =ANALISA!G1956 -> 89147.75 | E103: =ANALISA!I1954 -> 0.52272986
...

Sheet Vol Dock Kapal
A1: PERHITUNGAN
A3: NO | B3: JENIS PEKERJAAN | C3: PANJANG | D3: LEBAR | E3: TINGGI | F3: JUMLAH | G3: TITIK | H3: SISI | I3: TEKUKAN | J3: OVERLAP | L3: BJ | M3: UNIT | N3: VOLUME | O3: SAT | P3: PEMBULATAN
J4: BAWAH | K4: ATAS
A7: 24 | B7: Pekerjaan Docking Kapal
A8: 24.1 | B8: Pekerjaan Struktural
A9: 1 | B9: Pekerjaan Bouwplank dan Uitzet | C9: luas pinggir + overlap 1 m
C10: =16.1+1 -> 17.1 | H10: 2 | N10: =C10*H10 -> 34.2
D11: =6+1 -> 7 | H11: 2 | N11: =D11*H11 -> 14
N12: =SUM(N10:N11) -> 48.2 | O12: m² | P12: =ROUND((N12),2) -> 48.2
A13: =A9+1 -> 2 | B13: Pekerjaan Tapak Beton 15x60x60 cm
A14: a | B14: Pekerjaan Galian Tanah s/d 1 m | C14: =0.8+0.1+0.1 -> 1 | D14: =0.8+0.1+0.1 -> 1 | E14: =0.8+0.3+0.03+0.07 -> 1.2 | M14: 8 | N14: =C14*D14*E14*M14 -> 9.6 | O14: m³ | P14: =ROUND((N14),2) -> 9.6
A15: b | B15: Pekerjaan Urugan Pasir t = 7 cm | C15: =C14 -> 1 | D15: =D14 -> 1 | E15: 0.07 | M15: =M14 -> 8 | N15: =C15*D15*E15*M15 -> 0.56 | O15: m³ | P15: =ROUND((N15),2) -> 0.56
A16: c | B16: vertikal | C16: =C15 -> 1 | D16: =D15 -> 1 | E16: 0.03 | M16: =M15 -> 8 | N16: =C16*D16*E16*M16 -> 0.24 | O16: m³ | P16: =ROUND((N16),2) -> 0.24
A17: d | B17: Pekerjaan Bekesting Pasangan Batako | C17: =C16 -> 1 | E17: =E14-0.8-E15-E16 -> 0.3 | H17: 4 | M17: =M16 -> 8 | N17: =C17*E17*H17*M17 -> 9.6 | O17: m² | P17: =ROUND((N17),2) -> 9.6
A18: e | B18: Pekerjaan Pembesian Besi Beton D10 - 150 | C18: 0.45 | F18: =10*10*0.006165 -> 0.6165 | G18: =0.15*2 -> 0.3 | H18: 4 | L18: =ROUNDUP((C18/0.15),0.5) -> 3 | M18: =M17 -> 8 | N18: =(C18+G18)*F18*H18*L18*M18 -> 44.388 | O18: kg | P18: =ROUND((N18),2) -> 44.39
A19: f | B19: Pekerjaan Beton Site Mix 1:2:3 setara fc = 20 | C19: =C14-0.2 -> 0.8 | D19: =D14-0.2 -> 0.8 | E19: =E17 -> 0.3 | M19: =M18 -> 8 | N19: =C19*D19*E19*M19 -> 1.536 | O19: m³ | P19: =ROUND((N19),2) -> 1.54
A20: g | B20: Pekerjaan Cerucuk Kayu Dolken Ø 6 - 8 cm | E20: 4 | L20: 5 | M20: =M19 -> 8 | N20: =E20*L20*M20 -> 160 | O20: m¹ | P20: =ROUND((N20),2) -> 160
A21: =A13+1 -> 3 | B21: Pekerjaan Pondasi Batu Belah
A22: a | B22: Pekerjaan Galian Tanah sedalam 1 m
B23: horisontal | C23: =4+4+1.5+2.5 -> 12 | D23: 0.8 | E23: =0.8+0.07 -> 0.87 | M23: 2 | N23: =C23*D23*E23*M23 -> 16.704
B24: vertikal | C24: 6 | D24: =D23 -> 0.8 | E24: =E23 -> 0.87 | M24: 5 | N24: =C24*D24*E24*M24 -> 20.88
N25: =SUM(N23:N24) -> 37.584 | O25: m³ | P25: =ROUND((N25),2) -> 37.58
C26: 13.5 | D26: =D23 -> 0.8 | E26: =E24 -> 0.87 | M26: 1 | N26: =C26*D26*E26 -> 9.396
C27: 8.5 | D27: =D26 -> 0.8 | E27: =E26 -> 0.87 | M27: 1 | N27: =C27*D27*E27 -> 5.916 | P27: =SUM(N26:N27) -> 15.312
A28: b | B28: Pekerjaan Pancang Cerucuk Dolken
B29: =B23 -> horisontal | C29: =C23 -> 12 | M29: =M23 -> 2 | N29: =C29*M29 -> 24
B30: =B24 -> vertikal | C30: =C24 -> 6 | M30: =M24 -> 5 | N30: =C30*M30 -> 30
N31: =SUM(N29:N30) -> 54
B32: Panjang Pondasi / 50 cm | E32: 4 | F32: =N31/0.5 -> 108 | H32: 2 | N32: =E32*H32*F32 -> 864 | O32: m¹ | P32: =ROUND((N32),2) -> 864
A33: c | B33: Pekerjaan Urugan Pasir urug t = 7 cm
B34: =B23 -> horisontal | C34: =C23 -> 12 | D34: =D23 -> 0.8 | E34: 0.07 | M34: =M23 -> 2 | N34: =C34*D34*E34*M34 -> 1.344
B35: =B24 -> vertikal | C35: =C24 -> 6 | D35: =D24 -> 0.8 | E35: =E34 -> 0.07 | M35: =M24 -> 5 | N35: =C35*D35*E35*M35 -> 1.68 | P35: =ROUND((N36),2) -> 3.02
N36: =SUM(N34:N35) -> 3.024 | O36: m³
C37: 13.5 | D37: =D35 -> 0.8 | E37: =E35 -> 0.07 | N37: =C37*D37*E37 -> 0.756
C38: 8.5 | D38: =D37 -> 0.8 | E38: =E37 -> 0.07 | N38: =C38*D38*E38 -> 0.476 | P38: =SUM(N37:N38) -> 1.232
A39: d | B39: Pekerjaan Lantai Kerja t = 3 cm | N39: =C39*D39*E39 -> 0
B40: =B34 -> horisontal | C40: =C34 -> 12 | D40: =D34 -> 0.8 | E40: 0 | M40: =M34 -> 2 | N40: =C40*D40*E40 -> 0
B41: =B35 -> vertikal | C41: =C35 -> 6 | D41: =D35 -> 0.8 | E41: =E40 -> 0 | M41: =M35 -> 5 | N41: =C41*D41*E41 -> 0
N42: =C42*D42*E42 -> 0 | O42: m³ | P42: =ROUND((N42),2) -> 0
A43: d | B43: Pekerjaan Pondasi Batu Belah 1 : 5
D44: rata2
B45: =B34 -> horisontal | C45: =C23 -> 12 | D45: =(0.3+D24)/2 -> 0.55 | E45: =E23-E34 -> 0.8 | M45: =M34 -> 2 | N45: =C45*D45*E45*M45 -> 10.56
B46: =B35 -> vertikal | C46: =C35 -> 6 | D46: =D45 -> 0.55 | E46: =E45 -> 0.8 | M46: =M35 -> 5 | N46: =C46*D46*E46*M46 -> 13.2
N47: =SUM(N45:N46) -> 23.76 | O47: m³ | P47: =ROUND((N47),2) -> 23.76
C48: 13.5 | D48: =D45 -> 0.55 | E48: =(0.7+1.5)/2 -> 1.1 | N48: =C48*D48*E48 -> 8.1675
C49: 8.5 | D49: =D48 -> 0.55 | E49: =(0.7+1)/2 -> 0.85 | N49: =C49*D49*E49 -> 3.97375 | P49: =SUM(N48:N49) -> 12.14125
A50: =A21+1 -> 4 | B50: Pekerjaan Angkur Sloof ke Pondasi Batu Kali
B51: Panjang Sloof | C51: =C61 -> 12 | M51: =M61 -> 2 | N51: =C51*M51 -> 24
C52: =C62 -> 6 | M52: =M62 -> 5 | N52: =C52*M52 -> 30
N53: =SUM(N51:N52) -> 54 | O53: m¹
B54: dalam KG | C54: 0.5 | F54: =N53/1 -> 54 | L54: =10*10*0.006165 -> 0.6165 | N54: =F54*L54*C54 -> 16.6455 | O54: kg | P54: =ROUND((N54),2) -> 16.65
C55: =C48 -> 13.5 | M55: 1 | N55: =C55*M55 -> 13.5
C56: =C49 -> 8.5 | M56: 1 | N56: =C56*M56 -> 8.5
N57: =SUM(N55:N56) -> 22 | O57: m¹
C58: 0.5 | F58: =N57/1 -> 22 | L58: =10*10*0.006165 -> 0.6165 | N58: =F58*L58*C58 -> 6.7815 | O58: kg | P58: =ROUND((N58),2) -> 6.78
A59: =A50+1 -> 5 | B59: Pekerjaan Sloof Beton 25/30
A60: a | B60: Pekerjaan Kayu Bekesting Sloof
B61: =B45 -> horisontal | C61: =C45 -> 12 | E61: 0.3 | H61: 2 | M61: =M45 -> 2 | N61: =C61*E61*H61*M61 -> 14.4
B62: =B46 -> vertikal | C62: =C46 -> 6 | E62: =E61 -> 0.3 | H62: =H61 -> 2 | M62: =M46 -> 5 | N62: =C62*E62*H62*M62 -> 18
N63: =SUM(N61:N62) -> 32.4 | O63: m² | P63: =ROUND((N63),2) -> 32.4
C64: =C48 -> 13.5 | E64: 0.3 | H64: 2 | M64: 1 | N64: =C64*E64*H64*M64 -> 8.1
C65: =C49 -> 8.5 | E65: =E64 -> 0.3 | H65: =H64 -> 2 | M65: 1 | N65: =C65*E65*H65*M65 -> 5.1
N66: =SUM(N64:N65) -> 13.2 | O66: m² | P66: =ROUND((N66),2) -> 13.2
A67: b | B67: Pekerjaan Pembesian Besi Beton 5 D 13 mm
B68: =B61 -> horisontal | C68: =C61 -> 12 | F68: 5 | L68: =10*10*0.006165 -> 0.6165 | M68: =M61 -> 2 | N68: =C68*F68*L68*M68 -> 73.98
B69: =B62 -> vertikal | C69: =C62 -> 6 | F69: =F68 -> 5 | L69: =L68 -> 0.6165 | M69: =M62 -> 5 | N69: =C69*F69*L69*M69 -> 92.475
N70: =SUM(N68:N69) -> 166.455 | O70: kg | P70: =ROUND((N70),2) -> 166.46
C71: =C64 -> 13.5 | F71: 5 | L71: =10*10*0.006165 -> 0.6165 | M71: =M64 -> 1 | N71: =C71*F71*L71*M71 -> 41.61375
C72: =C65 -> 8.5 | F72: =F71 -> 5 | L72: =L71 -> 0.6165 | M72: =M65 -> 1 | N72: =C72*F72*L72*M72 -> 26.20125
N73: =SUM(N71:N72) -> 67.815 | O73: kg | P73: =ROUND((N73),2) -> 67.82
A74: c | B74: Pekerjaan Pembesian Besi Beton Ø 8 - 100/150
B75: =B68 -> horisontal | C75: =(0.17+0.22)*2 -> 0.78 | F75: =ROUNDDOWN((C68/0.125),0.1) -> 96 | I75: =0.05*2 -> 0.1 | L75: =8*8*0.006165 -> 0.39456 | M75: =M68 -> 2 | N75: =(C75+I75)*F75*L75*M75 -> 66.664858
B76: =B69 -> vertikal | C76: =C75 -> 0.78 | F76: =ROUNDDOWN((C69/0.125),0.1) -> 48 | I76: =I75 -> 0.1 | L76: =L75 -> 0.39456 | M76: =M69 -> 5 | N76: =(C76+I76)*F76*L76*M76 -> 83.331072
N77: =SUM(N75:N76) -> 149.99593 | O77: kg | P77: =ROUND((N77),2) -> 150
C78: =(0.17+0.22)*2 -> 0.78 | F78: =ROUNDDOWN((C71/0.125),0.1) -> 108 | I78: =0.05*2 -> 0.1 | L78: =8*8*0.006165 -> 0.39456 | M78: =M71 -> 1 | N78: =(C78+I78)*F78*L78*M78 -> 37.498982
C79: =C78 -> 0.78 | F79: =ROUNDDOWN((C72/0.125),0.1) -> 68 | I79: =I78 -> 0.1 | L79: =L78 -> 0.39456 | M79: =M72 -> 1 | N79: =(C79+I79)*F79*L79*M79 -> 23.61047
N80: =SUM(N78:N79) -> 61.109453 | O80: kg | P80: =ROUND((N80),2) -> 61.11
A81: d | B81: Pekerjaan Beton Site Mix 1:2:3 setara fc = 20
B82: =B75 -> horisontal | C82: =C68 -> 12 | D82: 0.25 | E82: 0.3 | M82: =M75 -> 2 | N82: =C82*D82*E82*M82 -> 1.8
B83: =B76 -> vertikal | C83: =C69 -> 6 | D83: =D82 -> 0.25 | E83: =E82 -> 0.3 | M83: =M76 -> 5 | N83: =C83*D83*E83*M83 -> 2.25
N84: =SUM(N82:N83) -> 4.05 | O84: m³ | P84: =ROUND((N84),2) -> 4.05
C85: =C71 -> 13.5 | D85: 0.25 | E85: 0.3 | M85: =M78 -> 1 | N85: =C85*D85*E85*M85 -> 1.0125
C86: =C72 -> 8.5 | D86: =D85 -> 0.25 | E86: =E85 -> 0.3 | M86: =M79 -> 1 | N86: =C86*D86*E86*M86 -> 0.6375
N87: =SUM(N85:N86) -> 1.65 | O87: m³ | P87: =ROUND((N87),2) -> 1.65
A88: =A59+1 -> 6 | B88: Pekerjaan Sloof Beton 15/20 (Ramp)
A89: a | B89: Pekerjaan Galian Tanah Keras s/d 1 m | C89: 5.35 | D89: 0.15 | E89: 0.2 | N89: =C89*D89*E89 -> 0.1605 | O89: m³ | P89: =ROUND((N89),2) -> 0.16
A90: b | B90: Pekerjaan Kayu Sloof Bekesting 2 kali pakai | C90: =C89 -> 5.35 | E90: =E89 -> 0.2 | H90: 2 | N90: =C90*E90*H90 -> 2.14 | O90: m² | P90: =ROUND((N90),2) -> 2.14
A91: c | B91: Pekerjaan Pembesian Besi Beton 4 D 10 mm | C91: =C90 -> 5.35 | F91: 4 | L91: =10*10*0.006165 -> 0.6165 | N91: =C91*L91*F91 -> 13.1931 | O91: kg | P91: =ROUND((N91),2) -> 13.19
A92: d | B92: Pekerjaan Pembesian Besi Beton Ø 8 mm - 100/150 | C92: =(0.1+0.15)*2 -> 0.5 | F92: =ROUNDUP((C91/0.125),0.5) -> 43 | I92: 0.1 | L92: =8*8*0.006165 -> 0.39456 | N92: =(C92+I92)*L92*F92 -> 10.179648 | O92: kg | P92: =ROUND((N92),2) -> 10.18
A93: e | B93: Pekerjaan Beton Semi Mekanis setara fc = 20 | C93: =C89 -> 5.35 | D93: =D89 -> 0.15 | E93: =E89 -> 0.2 | N93: =C93*D93*E93 -> 0.1605 | O93: m³ | P93: =ROUND((N93),2) -> 0.16
A94: =A88+1 -> 7 | B94: Pekerjaan Lantai Beton t = 15 cm
A95: a | B95: Pekerjaan Urugan Tanah Urug | C95: =C82 -> 12 | D95: =C83 -> 6 | E95: =0.3-E97-E98-E100 -> 0.05 | N95: =C95*D95*E95 -> 3.6 | O95: m³ | P95: =ROUND((N95),2) -> 3.6
A96: b | B96: Pekerjaan pemadatan tanah urug | N96: =N95 -> 3.6 | O96: m³ | P96: =ROUND((N96),2) -> 3.6
A97: c | B97: Pekerjaan Urugan Pasir t = 5 cm | C97: =C95 -> 12 | D97: =D95 -> 6 | E97: 0.05 | N97: =C97*D97*E97 -> 3.6 | O97: m³ | P97: =ROUND((N97),2) -> 3.6
A98: d | B98: Pekerjaan Lantai Kerja t = 5 cm | C98: =C97 -> 12 | D98: =D97 -> 6 | E98: 0.05 | N98: =C98*D98*E98 -> 3.6 | O98: m³ | P98: =ROUND((N98),2) -> 3.6
A99: e | B99: Pekerjaan Pembesian Wiremesh M8-150 (2 lapis) | C99: =C98 -> 12 | D99: =D98 -> 6 | H99: 2 | N99: =C99*D99*H99 -> 144 | O99: m² | P99: =ROUND((N99),2) -> 144
A100: f | B100: Pekerjaan Beton Site Mix setara fc = 20 | C100: =C99 -> 12 | D100: =D99 -> 6 | E100: 0.15 | N100: =C100*D100*E100 -> 10.8 | O100: m³ | P100: =ROUND((N100),2) -> 10.8
A101: =A94+1 -> 8 | B101: Pekerjaan Lantai Rabat Keliling Bangunan
A102: a | B102: Pekerjaan Galian Tanah
B103: horisontal | C103: =6+(0.875*2) -> 7.75 | D103: 0.12 | E103: 0.2 | M103: 1 | N103: =C103*D103*E103*M103 -> 0.186
...

Sheet 10. Vol Saluran+Jln
A1: NO | B1: JENIS PEKERJAAN | C1: PANJANG | D1: LEBAR | E1: TINGGI | F1: JUMLAH | G1: TITIK | H1: SISI | I1: TEKUKAN | J1: OVERLAP | L1: BJ | M1: UNIT | N1: VOLUME | O1: SAT | P1: PEMBULATAN
J2: BAWAH | K2: ATAS
A5: V | B5: PEKERJAAN SALURAN DAN JALAN LINGKUNGAN | D5: dekkuer
B6: Panjang Saluran Akses Jalan Masuk | N6: =SUM(N7:N8) -> 3.73
B7: sisi kiri | C7: 0 | D7: 0 | N7: =SUM(C7:M7) -> 0
B8: sisi kanan | C8: 3.13 | D8: 0.6 | N8: =SUM(C8:M8) -> 3.73
B9: Jalan Utama | N9: =SUM(N10:N13) -> 34.72
B10: sisi depan & blkg | C10: 2.04 | D10: 3.8 | H10: 2 | N10: =C10*H10 -> 4.08
B11: sisi samping | C11: 15.32 | D11: 3 | H11: =H10 -> 2 | N11: =C11*H11 -> 30.64
B12: belokan 4 sisi | C12: 0 | H12: 4 | M12: 12 | N12: =C12*H12 -> 0
B13: Akses masuk Bangunan Beku | C13: 0 | H13: 1 | N13: =C13*H13 -> 0
B14: Pedestrian sisi Luar dari kiri | N14: =SUM(N15:N27) -> 3.12
C15: 0 | N15: =C15 -> 0
B16: Jalan Samping Parkiran | C16: 1.65 | D16: 3.2 | N16: =C16 -> 1.65
B17: Jalan Samping Kantor | C17: 1.47 | D17: 2 | N17: =C17 -> 1.47
C18: 0 | N18: =C18 -> 0
B19: depan bangunan beku | C19: 0 | N19: =C19 -> 0
B20: depan area parkir | C20: 0 | N20: =C20 -> 0
C21: 0 | N21: =C21 -> 0
B22: sodetan samping Senkul | C22: 0 | N22: =C22 -> 0
B23: sodetan depan Bale Nelayan | C23: 0 | N23: =C23 -> 0
B24: sodetan blkg Toilet | C24: 0 | N24: =C24 -> 0
B25: depan bengkel | C25: 0 | N25: =C25 -> 0
C26: 0 | N26: =C26 -> 0
C27: 0 | N27: =C27 -> 0
A28: V.1. | B28: Pekerjaan Saluran Kawasan
A29: 1 | B29: Pekerjaan Pengukuran Saluran
B30: =B6 -> Panjang Saluran Akses Jalan Masuk | C30: =N6 -> 3.73 | N30: =SUM(C30:M30) -> 3.73
B31: =B9 -> Jalan Utama | C31: =N9 -> 34.72 | N31: =SUM(C31:M31) -> 34.72
B32: =B14 -> Pedestrian sisi Luar dari kiri | C32: =N14 -> 3.12 | N32: =SUM(C32:M32) -> 3.12
J33: sisi belakang | N33: =SUM(N30:N32)*0+100 -> 100 | O33: m¹ | P33: =ROUND((N33),2) -> 100 | R33: cek siteplan
A34: =A29+1 -> 2 | B34: Pekerjaan Galian Tanah Saluran sampai dengan 1 m | C34: =N33 -> 100 | D34: 1 | E34: 0.8 | N34: =C34*D34*E34 -> 80 | O34: m³ | P34: =ROUND((N34),2) -> 80
A35: =A34+1 -> 3 | B35: Pek. Pemadatan Tanah Galian Saluran dengan Stamper | C35: =C34 -> 100 | D35: =D34 -> 1 | E35: 0.8 | N35: =C35*D35*E35 -> 80 | O35: m³ | P35: =ROUND((N35),2) -> 80
A36: =A35+1 -> 4 | B36: Pekerjaan Saluran Batu Belah 50/40
B37: Dinding | C37: =C35 -> 100 | D37: 0.2 | E37: 0.8 | H37: 2 | N37: =C37*D37*E37*H37 -> 32
B38: Alas | C38: =C37 -> 100 | D38: 0.6 | E38: 0.05 | N38: =C38*D38*E38 -> 3
N39: =SUM(N37:N38) -> 35 | O39: m³ | P39: =ROUND((N39),2) -> 35
A40: =A36+1 -> 5 | B40: Pekerjaan Rabat Beton Lantai Saluran Kawasan t = 5 cm | C40: =C38 -> 100 | D40: 0.6 | E40: 0.05 | N40: =C40*D40*E40 -> 3 | O40: m³ | P40: =ROUND((N40),2) -> 3
A41: =A40+1 -> 6 | B41: Pekerjaan Instalasi Drainase Pipa PVC Ø 4 Inch | C41: =(1.595+1.61)/2 -> 1.6025 | F41: =ROUNDUP((C34/3),0.1) -> 34 | J41: 0.05 | N41: =(C41+J41)*F41 -> 56.185 | O41: m¹ | P41: =ROUND((N41),2) -> 56.19
A42: =A41+1 -> 7 | B42: Pekerjaan Plesteran
B43: sisi atas | C43: =C37 -> 100 | D43: 0.1 | N43: =C43*D43 -> 10
B44: sisi samping kanan + kiri | C44: =C43 -> 100 | E44: =0.1+0.2 -> 0.3 | N44: =C44*E44 -> 30
N45: =SUM(N43:N44) -> 40 | O45: m² | P45: =ROUND((N45),2) -> 40
A46: =A42+1 -> 8 | B46: Pekerjaan Acian Finish | C46: vol plesteran | N46: =N45 -> 40 | O46: m² | P46: =ROUND((N46),2) -> 40
A47: =A46+1 -> 9 | B47: Pekerjaan Skonengan | C47: =C43 -> 100 | H47: 2 | N47: =C47*H47 -> 200 | O47: m¹ | P47: =ROUND((N47),2) -> 200
A48: =A47+1 -> 10 | B48: Pekerjaan Beton Dekkeur t = 15 cm
A49: a | B49: Pekerjaan Kayu Bekesting Lantai
B50: =B13 -> Akses masuk Bangunan Beku | C50: 1.5 | D50: 50 | M50: 1 | N50: =C50*D50*M50 -> 75
B51: =B16 -> Jalan Samping Parkiran | C51: =C50 -> 1.5 | D51: =C17 -> 1.47 | N51: =C51*D51*M51 -> 0
B52: =B19 -> depan bangunan beku | C52: =C51 -> 1.5 | D52: =C19 -> 0 | N52: =C52*D52*M52 -> 0
B53: =B20 -> depan area parkir | C53: =C52 -> 1.5 | D53: =C21 -> 0 | N53: =C53*D53*M53 -> 0
B54: =B23 -> sodetan depan Bale Nelayan | C54: =C53 -> 1.5 | D54: =C23 -> 0 | N54: =C54*D54*M54 -> 0
B55: =B25 -> depan bengkel | C55: =C54 -> 1.5 | D55: =C25 -> 0 | N55: =C55*D55*M55 -> 0
B56: Sentral Kuliner | C56: 1.5
B57: SPBUN | C57: =C56 -> 1.5
B58: Shelter Pendaratan Ikan | C58: =C57 -> 1.5
B59: Pabrik Es | C59: =C58 -> 1.5
B60: Kios Perbekalan | C60: =C59 -> 1.5
B61: Kantor | C61: =C60 -> 1.5
B62: Toilet Umum | C62: =C61 -> 1.5
B63: Tangki Air | C63: =C62 -> 1.5
B64: Mushollah | C64: =C63 -> 1.5
B65: TPS | C65: =C64 -> 1.5
B66: Pos Jaga | C66: =C65 -> 1.5 | D66: 0 | N66: =C66*D66*M66 -> 0
B67: Bengkel + jaring | C67: =C66 -> 1.5
B68: Gapura | C68: =C67 -> 1.5 | D68: 5 | N68: =C68*D68*M68 -> 0
B69: Gudang Beku | C69: =C68 -> 1.5 | D69: 0
B70: Pasar Ikan | C70: =C69 -> 1.5
B71: Docking Kapal | C71: =C70 -> 1.5 | D71: 3 | N71: =C71*D71*M71 -> 0
B72: Bale Nelayan | C72: =C71 -> 1.5 | D72: 0
B73: Cool Box | C73: =C72 -> 1.5
N74: =SUM(N50:N73) -> 75 | O74: m² | P74: =ROUND((N74),2) -> 75
A75: b | B75: Pekerjaan Pembesian Besi Beton D 13 mm - 150
B76: =B50 -> Akses masuk Bangunan Beku | C76: =C50 -> 1.5
B77: vertikal | C77: =C76 -> 1.5 | F77: =ROUNDUP((C78/0.15),0.1) -> 334 | H77: 2 | L77: =13*13*0.006165 -> 1.041885 | N77: =C77*F77*H77*L77 -> 1043.9688
B78: horisontal | C78: =D50 -> 50 | F78: =ROUNDUP((C77/0.15),0.1) -> 10 | H78: =H77 -> 2 | L78: =L77 -> 1.041885 | N78: =C78*F78*H78*L78 -> 1041.885
B79: =B51 -> Jalan Samping Parkiran | C79: =C51 -> 1.5
B80: vertikal | C80: =C79 -> 1.5 | F80: =ROUNDUP((C81/0.15),0.1) -> 10 | H80: 2 | N80: =C80*F80*H80*L80 -> 0
B81: horisontal | C81: =D51 -> 1.47 | F81: =ROUNDUP((C80/0.15),0.1) -> 10 | H81: =H80 -> 2 | N81: =C81*F81*H81*L81 -> 0
B82: =B52 -> depan bangunan beku | C82: =C52 -> 1.5
B83: vertikal | C83: =C82 -> 1.5 | F83: =ROUNDUP((C84/0.15),0.1) -> 0 | H83: 2 | N83: =C83*F83*H83*L83 -> 0
B84: horisontal | C84: =D52 -> 0 | F84: =ROUNDUP((C83/0.15),0.1) -> 10 | H84: =H83 -> 2 | N84: =C84*F84*H84*L84 -> 0
B85: =B53 -> depan area parkir | C85: =C53 -> 1.5
B86: vertikal | C86: =C85 -> 1.5 | F86: =ROUNDUP((C87/0.15),0.1) -> 0 | H86: 2 | N86: =C86*F86*H86*L86 -> 0
B87: horisontal | C87: =D53 -> 0 | F87: =ROUNDUP((C86/0.15),0.1) -> 10 | H87: =H86 -> 2 | N87: =C87*F87*H87*L87 -> 0
B88: =B54 -> sodetan depan Bale Nelayan | C88: =C54 -> 1.5
B89: vertikal | C89: =C88 -> 1.5 | F89: =ROUNDUP((C90/0.15),0.1) -> 0 | H89: 2 | N89: =C89*F89*H89*L89 -> 0
B90: horisontal | C90: =D54 -> 0 | F90: =ROUNDUP((C89/0.15),0.1) -> 10 | H90: =H89 -> 2 | N90: =C90*F90*H90*L90 -> 0
B91: =B55 -> depan bengkel | C91: =C55 -> 1.5
B92: vertikal | C92: =C91 -> 1.5 | F92: =ROUNDUP((C93/0.15),0.1) -> 0 | H92: 2 | N92: =C92*F92*H92*L92 -> 0
B93: horisontal | C93: =D55 -> 0 | F93: =ROUNDUP((C92/0.15),0.1) -> 10 | H93: =H92 -> 2 | N93: =C93*F93*H93*L93 -> 0
B94: =B56 -> Sentral Kuliner
B95: vertikal | C95: =C56 -> 1.5 | F95: =ROUNDUP((C96/0.15),0.1) -> 10 | H95: 2
B96: horisontal | C96: =C95 -> 1.5 | F96: =ROUNDUP((C95/0.15),0.1) -> 10 | H96: =H95 -> 2
B97: =B57 -> SPBUN
B98: vertikal | C98: =C57 -> 1.5 | F98: =ROUNDUP((C99/0.15),0.1) -> 0 | H98: =H96 -> 2
B99: horisontal | C99: =D57 -> 0 | F99: =ROUNDUP((C98/0.15),0.1) -> 10 | H99: =H98 -> 2
B100: =B58 -> Shelter Pendaratan Ikan
B101: vertikal | C101: =C58 -> 1.5 | F101: =ROUNDUP((C102/0.15),0.1) -> 0 | H101: =H99 -> 2
B102: horisontal | C102: =D58 -> 0 | F102: =ROUNDUP((C101/0.15),0.1) -> 10 | H102: =H101 -> 2
...

Sheet 4. Vol DPT
A4: PERHITUNGAN TALUD DINDING PENAHAN TANAH
A6: NO | B6: JENIS PEKERJAAN | C6: PANJANG | D6: LEBAR | E6: TINGGI | F6: JUMLAH | G6: SISI | H6: TEKUKAN | I6: BJ | J6: UNIT | K6: VOLUME | L6: SAT | M6: PEMBULATAN
A9: D | B9: PEKERJAAN BANGUNAN REVETMENT
A10: D.1. | B10: Pekerjaan Turap Beton (DPT) | M10: =ROUND((K10),2) -> 0
A11: 1 | B11: Pek. Tapak Beton Menerus 30 x 140 cm | M11: =ROUND((K11),2) -> 0
B12: Samping Pos Jaga | C12: 10 | K12: =SUM(C12:J12) -> 10 | O12: data ukur langsung Lapangan
B13: Belakang Tambatan | C13: 20 | K13: 20 | O13: data ukur langsung Lapangan
B14: Depan Docking | C14: 20 | K14: 20
K15: =SUM(K12:K14) -> 50 | L15: m¹
A16: a | B16: Pekerjaan Galian Tanah sampai dengan 1 m | C16: 50 | D16: =0.2+0.5+0.5+0.2 -> 1.4 | E16: 0.4 | K16: =C16*D16*E16 -> 28 | L16: m³ | M16: =ROUND((K16),2) -> 28
B17: MC 0 | C17: 71 | D17: =D16 -> 1.4 | E17: =E16 -> 0.4 | K17: =C17*D17*E17 -> 39.76 | L17: m³ | M17: =K17-K16 -> 11.76
A18: b | B18: Pekerjaan Cerucuk Kayu Dolken Ø 6 - 8 cm | E18: 4 | F18: =ROUNDDOWN((K15/0.5),0.5)+1 -> 101 | J18: 3 | K18: =E18*F18*J18 -> 1212 | L18: m¹ | M18: =ROUND((K18),2) -> 1212
B19: MC 0 | E19: 4 | F19: =ROUNDDOWN((C17/0.5),0.5)+1 -> 143 | J19: 3 | K19: =E19*F19*J19 -> 1716 | L19: m138 | M19: =K19-K18 -> 504
A20: b | B20: Pekerjaan Kayu Bekesting Pondasi | C20: =C16 -> 50 | E20: =E16 -> 0.4 | F20: 2 | K20: =(C20+F20)*E20 -> 20.8 | L20: m² | M20: =ROUND((K20),2) -> 20.8
A21: c | B21: Pekerjaan Pembesian Besi Beton D 13 mm - 150 | D21: tekukan | E21: Bj | F21: sisi | J21: jumlah
B22: Tulangan melintang | C22: =D16-0.05*2 -> 1.3 | D22: =0.2*2 -> 0.4 | E22: =13*13*0.006165 -> 1.041885 | F22: 2 | J22: =ROUNDUP((C26/0.15),0.1)+1 -> 334 | K22: =(C22+D22)*E22*F22*J22 -> 1183.1646 | N22: tul. Menerus blm termasuk stek 1 m x 11
K23: =ROUNDUP((SUM(K22:K22)),5) -> 1183.1646 | L23: kg | M23: =ROUND((K23),2) -> 1183.16
B24: MC 0 | C24: =D17-0.05*2 -> 1.3 | D24: =0.2*2 -> 0.4 | E24: =13*13*0.006165 -> 1.041885 | F24: 2 | J24: =ROUNDUP((C27/0.15),0.1)+1 -> 474 | K24: =(C24+D24)*E24*F24*J24 -> 1679.1019 | M24: =K24-K23 -> 495.93726
A25: d | B25: Pekerjaan Pembesian Besi Beton D 10 mm - 150 | D25: tekukan | E25: Bj | F25: sisi | J25: jumlah
B26: Tulangan menerus | C26: =C20-0.05*2 -> 49.9 | D26: =0.2*2 -> 0.4 | E26: =10*10*0.006165 -> 0.6165 | F26: 2 | J26: =ROUNDUP((C22/0.15),0.1)+1 -> 10 | K26: =(C26+D26)*E26*F26*J26 -> 620.199 | L26: kg | M26: =ROUND((K26),2) -> 620.2
B27: MC 0 | C27: 70.9 | D27: =0.2*2 -> 0.4 | E27: =10*10*0.006165 -> 0.6165 | F27: 2 | J27: =J26 -> 10 | K27: =(C27+D27)*E27*F27*J27 -> 879.129 | M27: =K27-K26 -> 258.93
A28: e | B28: Pekerjaan Beton Ready Mix K-300 | C28: =C20 -> 50 | D28: =D16 -> 1.4 | E28: 0.3 | K28: =ROUNDUP((C28*D28*E28),5) -> 21 | L28: m³ | M28: =ROUND((K28),2) -> 21
B29: MC 0 | C29: =C17 -> 71 | D29: =D17 -> 1.4 | E29: 0.3 | K29: =ROUNDUP((C29*D29*E29),5) -> 29.82 | M29: =K29-K28 -> 8.82
A30: f | B30: Pekerjaan Cor Beton dengan Pompa Beton | K30: =K28 -> 21 | L30: m³ | M30: =ROUND((K30),2) -> 21
A31: g | B31: Pekerjaan Pemadatan Beton dengan Vibrator | K31: =K30 -> 21 | L31: m³ | M31: =ROUND((K31),2) -> 21
A32: =A11+1 -> 2 | B32: Pekerjaan Dinding Beton t = 20 cm
A33: a | B33: Pekerjaan Bekesting Dinding 3 kali pakai (sisi luar) | C33: =C20 -> 50 | E33: 0.7 | F33: 2 | K33: =ROUNDUP((C33*E33*F33),5) -> 70 | L33: m² | M33: =ROUND((K33),2) -> 70
B34: ddgx2 + tekukan atas + overlap bawah + overlap tapak | D34: tekukan | E34: Bj | F34: jumlah | J34: sisi
B35: MC 0 | C35: =C17 -> 71 | E35: 1.5 | F35: 2 | K35: =ROUNDUP((C35*E35*F35),5) -> 213 | L35: m² | M35: =K35-K33 -> 143
A36: b | B36: Pek. Pembesian Besi Beton D 13 mm - 200 (Vertikal) | C36: =(E33-0.05*2)*2 -> 1.2 | D36: =0.1*2 -> 0.2 | E36: =13*13*0.006165 -> 1.041885 | F36: =ROUNDUP(((C33-0.05*2)/0.2),0.1)+1 -> 251 | J36: 2 | K36: =(C36+D36)*E36*F36*J36 -> 732.23678 | L36: kg | M36: =ROUND((K36),2) -> 732.24 | N36: =(K15/0.2)+1 -> 251 | P36: =0.1+1*2+0.5 -> 2.6 | Q36: =P36*E36*F36 -> 679.93415
B37: MC 0 | C37: =(E35-0.05*2)*2 -> 2.8 | D37: =0.1*2 -> 0.2 | E37: =13*13*0.006165 -> 1.041885 | F37: =ROUNDUP(((C35-0.05*2)/0.2),0.1)+1 -> 356 | J37: 2 | K37: =(C37+D37)*E37*F37*J37 -> 2225.4664 | L37: kg | M37: =K37-K36 -> 1493.2296
A38: c | B38: Pek. Pembesian Besi Beton D 10 mm - 200 (Horisontal) | C38: =C33-0.05*2 -> 49.9 | D38: =D36 -> 0.2 | E38: =10*10*0.006165 -> 0.6165 | F38: =ROUNDUP(((E33-0.05*2)/0.2),0.1)+1 -> 4 | J38: 2 | K38: =(C38+D38)*E38*F38*J38 -> 247.0932 | L38: kg | M38: =ROUND((K38),2) -> 247.09 | N38: =(3.2/0.2)+1 -> 17
B39: MC 0 | C39: =C27 -> 70.9 | D39: =D37 -> 0.2 | E39: =10*10*0.006165 -> 0.6165 | F39: =ROUNDUP(((E33-0.05*2)/0.2),0.1)+1 -> 4 | J39: 2 | K39: =(C39+D39)*E39*F39*J39 -> 350.6652 | L39: kg | M39: =K39-K38 -> 103.572
A40: d | B40: Pekerjaan Beton Ready Mix K-300 | C40: =C33 -> 50 | D40: 0.2 | E40: 0.7 | K40: =ROUNDUP((C40*D40*E40),5) -> 7 | L40: m³ | M40: =ROUND((K40),2) -> 7
B41: MC 0 | C41: =C35 -> 71 | D41: 0.275 | E41: 1.5 | K41: =ROUNDUP((C41*D41*E41),5) -> 29.2875 | L41: m³ | M41: =K41-K40 -> 22.2875
A42: e | B42: Pekerjaan Cor Beton dengan Pompa Beton | K42: =K41 -> 29.2875 | L42: m³ | M42: =ROUND((K42),2) -> 29.29 | N42: =(25+35)/2 -> 30
A43: f | B43: Pekerjaan Pemadatan Beton dengan Vibrator | K43: =K42 -> 29.2875 | L43: m³ | M43: =ROUND((K43),2) -> 29.29
A44: =#REF!+1 -> #REF! | B44: Pekerjaan Tangga (2 unit) | M44: =ROUND((K44),2) -> 0
A45: a | B45: Pekerjaan pasangan Bata Tela | M45: =ROUND((K45),2) -> 0
D46: =6*0.15 -> 0.9 | E46: 1 | F46: 0.5 | J46: =2*2 -> 4 | K46: =D46*E46*F46*J46 -> 1.8 | L46: m² | M46: =ROUND((K46),2) -> 1.8
A47: b | B47: Cor Site Mix 1 : 2 : 3 | C47: 0.9 | D47: 0.6 | E47: 1 | F47: 0.5 | J47: 2 | K47: =C47*D47*E47*F47*J47 -> 0.54 | L47: m³ | M47: =ROUND((K47),2) -> 0.54
A48: c | B48: Pekerjaan Langsir Cor | K48: =K47 -> 0.54 | L48: m³ | M48: =ROUND((K48),2) -> 0.54
A49: d | B49: Pekejaan Plesteran | D49: =6*0.15 -> 0.9 | E49: 1 | F49: 0.5 | J49: =2*2 -> 4 | K49: =D49*E49*F49*J49 -> 1.8 | L49: m² | M49: =ROUND((K49),2) -> 1.8
A50: e | B50: Pekerjaan Acian | K50: =K49 -> 1.8 | L50: m² | M50: =ROUND((K50),2) -> 1.8

Sheet 13. LANTAI DOCKING
A1: NO | B1: JENIS PEKERJAAN | C1: PANJANG | D1: LEBAR | E1: TINGGI | F1: JUMLAH | G1: TITIK | H1: SISI | I1: TEKUKAN | J1: OVERLAP | L1: BJ | M1: UNIT | N1: VOLUME | O1: SAT | P1: PEMBULATAN
J2: BAWAH | K2: ATAS
A6: XIII | B6: Pekerjaan Lantai Docking | C6: Lebar | D6: 12 | E6: m
N7: =N8 -> 30 | O7: m¹
A8: 1 | B8: Pekerjaan Pengukuran dan Pematokan Lantai Docking | C8: 15 | H8: 2 | N8: =H8*C8 -> 30 | O8: m¹ | P8: =ROUND((N8),2) -> 30
A9: =A8+1 -> 2 | B9: Pekerjaan Pemadatan Tanah Existing | C9: =C8 -> 15 | D9: =D6 -> 12 | E9: 0.2 | N9: =C9*D9*E9 -> 36 | O9: m³ | P9: =ROUND((N9),2) -> 36
A10: 2 | B10: Pekerjaan Pemadatan Makdam | N10: =#REF! -> #REF! | O10: m³ | P10: =ROUND((N10),2) -> #REF!
A11: =A10+1 -> 3 | B11: Pekerjaan Urugan Sirtu t = 10 cm | C11: =C8 -> 15 | D11: =D6 -> 12 | E11: 0.1 | N11: =C11*D11*E11 -> 18 | O11: m³ | P11: =ROUND((N11),2) -> 18
A12: 4 | B12: Pekerjaan Pemadatan Sirtu | N12: =N11 -> 18 | O12: m³ | P12: =ROUND((N12),2) -> 18
A13: 5 | B13: Pekerjaan Lantai Kerja t = 5 cm | C13: =C11 -> 15 | D13: =D11 -> 12 | E13: 0.05 | N13: =C13*D13*E13 -> 9 | O13: m³ | P13: =ROUND((N13),2) -> 9
A14: 6 | B14: Pekerjaan Lantai Docking Beton t = 15 cm
A15: a | B15: Pekerjaan Kayu Bekesting Sloof | C15: =C11 -> 15 | E15: 0.15 | H15: 2 | N15: =C15*E15*H15 -> 4.5 | O15: m² | P15: =ROUND((N15),2) -> 4.5
A16: b | B16: Pekerjaan Pembesian Wiremesh M8 | C16: =C8 -> 15 | D16: =D9+0.2 -> 12.2 | N16: =C16*D16 -> 183 | O16: m² | P16: =ROUND((N16),2) -> 183
A17: c | B17: Pekerjaan Beton Site Mix mutu f'c = 25 Mpa dengan Concrete Mixer Pump | C17: =C9 -> 15 | D17: =D9 -> 12 | E17: 0.15 | N17: =C17*D17*E17 -> 27 | O17: m³ | P17: =ROUND((N17),2) -> 27
A18: d | B18: Pekerjaan Pemadatan Beton dengan Vibrator | N18: =N17 -> 27 | O18: m³ | P18: =ROUND((N18),2) -> 27
A20: =#REF!+1 -> #REF! | B20: Pekerjaan Tanggulan Saluran Pasangan Bata
A21: a | B21: Pekerjaan Galian Tanah Saluran sampai dengan 1 m | C21: =#REF! -> #REF! | D21: 0.15 | E21: 0.1 | N21: =C21*D21*E21 -> #REF! | O21: m³ | P21: =ROUND((N21),2) -> #REF!
A22: b | B22: Pekerjaan Pasangan Bata Merah | C22: =C21 -> #REF! | E22: 0.3 | N22: =C22*E22 -> #REF! | O22: m² | P22: =ROUND((N22),2) -> #REF!
A23: c | B23: Pekerjaan Plesteran
B24: sisi atas | C24: =C22 -> #REF! | D24: 0.1 | N24: =C24*D24 -> #REF!
B25: sisi samping kanan + kiri | C25: =C24 -> #REF! | E25: =0.1+0.2 -> 0.3 | N25: =C25*E25 -> #REF!
N26: =SUM(N24:N25) -> #REF! | O26: m² | P26: =ROUND((N26),2) -> #REF!
A27: d | B27: Pekerjaan Acian Finish | N27: =N26 -> #REF! | O27: m² | P27: =ROUND((N27),2) -> #REF!
A28: e | B28: Pekerjaan Skonengan | C28: =C24 -> #REF! | H28: 1 | N28: =C28*H28 -> #REF! | O28: m¹ | P28: =ROUND((N28),2) -> #REF!

Sheet 5. Vol Pndrtn Ikan (4x5)
A1: PERHITUNGAN
A3: NO | B3: JENIS PEKERJAAN | C3: PANJANG | D3: LEBAR | E3: TINGGI | F3: JUMLAH | G3: TITIK | H3: SISI | I3: TEKUKAN | J3: OVERLAP | L3: BJ | M3: UNIT | N3: VOLUME | O3: SAT | P3: PEMBULATAN
J4: BAWAH | K4: ATAS
B7: Pekerjaan Pendaratan Ikan
A8: A | B8: Pekerjaan Struktural
A9: 1 | B9: Pekerjaan Bouwplank dan Uitzet | C9: luas pinggir + overlap 1 m
C10: =(5+1) -> 6 | H10: 2 | N10: =C10*H10 -> 12
D11: =4+1 -> 5 | H11: 2 | N11: =D11*H11 -> 10
N12: =SUM(N10:N11) -> 22 | O12: m² | P12: =ROUND((N12),2) -> 22
A13: =A9+1 -> 2 | B13: Pekerjaan Tapak Beton 30x80x80 cm
A14: a | B14: Pekerjaan Galian Tanah s/d 1 m | C14: =0.8+0.1+0.1 -> 1 | D14: =C14 -> 1 | E14: =0.8+0.3+0.03+0.07 -> 1.2 | M14: 4 | N14: =C14*D14*E14*M14 -> 4.8 | O14: m³ | P14: =ROUND((N14),2) -> 4.8
A15: b | B15: Pekerjaan Urugan Pasir t = 7 cm | C15: =C14 -> 1 | D15: =D14 -> 1 | E15: 0.07 | M15: =M14 -> 4 | N15: =C15*D15*E15*M15 -> 0.28 | O15: m³ | P15: =ROUND((N15),2) -> 0.28
A16: c | B16: Pekerjaan Lantai Kerja t = 3 cm | C16: =C15 -> 1 | D16: =D15 -> 1 | E16: 0.03 | M16: =M15 -> 4 | N16: =C16*D16*E16*M16 -> 0.12 | O16: m³ | P16: =ROUND((N16),2) -> 0.12
A17: d | B17: Pekerjaan Bekesting Pasangan Batako | C17: =C16 -> 1 | E17: =E14-0.8-E15-E16 -> 0.3 | H17: 4 | M17: =M16 -> 4 | N17: =C17*E17*H17*M17 -> 4.8 | O17: m² | P17: =ROUND((N17),2) -> 4.8
A18: e | B18: Pekerjaan Pembesian Besi Beton D10 - 150 | C18: =C15-0.075*2 -> 0.85 | F18: =10*10*0.006165 -> 0.6165 | G18: =0.15*2 -> 0.3 | H18: 4 | L18: =ROUNDUP((C18/0.15),0.5) -> 6 | M18: =M17 -> 4 | N18: =(C18+G18)*F18*H18*L18*M18 -> 68.0616 | O18: kg | P18: =ROUND((N18),2) -> 68.06
A19: f | B19: Pekerjaan beton semi mekanis setara fc = 20 | C19: =C14-0.2 -> 0.8 | D19: =D14-0.2 -> 0.8 | E19: =E17 -> 0.3 | M19: =M18 -> 4 | N19: =C19*D19*E19*M19 -> 0.768 | O19: m³ | P19: =ROUND((N19),2) -> 0.77
A20: g | B20: Pekerjaan Cerucuk Kayu Dolken Ø 6 - 8 cm | E20: 4 | L20: 5 | M20: =M19 -> 4 | N20: =E20*L20*M20 -> 80 | O20: m¹ | P20: =ROUND((N20),2) -> 80
A21: =A13+1 -> 3 | B21: Pekerjaan Pondasi Batu Belah
A22: a | B22: Pekerjaan Galian Tanah sedalam 1 m
B23: horisontal | C23: 5 | D23: 0.8 | E23: =0.8+0.07 -> 0.87 | M23: 2 | N23: =C23*D23*E23*M23 -> 6.96
B24: vertikal | C24: 4 | D24: =D23 -> 0.8 | E24: =E23 -> 0.87 | M24: 2 | N24: =C24*D24*E24*M24 -> 5.568
N25: =SUM(N23:N24) -> 12.528 | O25: m³ | P25: =ROUND((N25),2) -> 12.53
A26: b | B26: Pekerjaan Pancang Cerucuk Dolken
B27: =B23 -> horisontal | C27: =C23 -> 5 | M27: =M23 -> 2 | N27: =C27*M27 -> 10
B28: =B24 -> vertikal | C28: =C24 -> 4 | M28: =M24 -> 2 | N28: =C28*M28 -> 8
N29: =SUM(N27:N28) -> 18
B30: Panjang Pondasi / 50 cm | E30: 4 | F30: =N29/0.5 -> 36 | H30: 2 | N30: =E30*H30*F30 -> 288 | O30: m¹ | P30: =ROUND((N30),2) -> 288
A31: c | B31: Pekerjaan Urugan Pasir urug t = 7 cm
B32: =B23 -> horisontal | C32: =C23 -> 5 | D32: =D23 -> 0.8 | E32: =E23-0.8 -> 0.07 | M32: =M23 -> 2 | N32: =C32*D32*E32*M32 -> 0.56
B33: =B24 -> vertikal | C33: =C24 -> 4 | D33: =D24 -> 0.8 | E33: =E32 -> 0.07 | M33: =M24 -> 2 | N33: =C33*D33*E33*M33 -> 0.448
N34: =SUM(N32:N33) -> 1.008 | O34: m³ | P34: =ROUND((N34),2) -> 1.01
A35: d | B35: Pekerjaan Lantai Kerja t = 3 cm
B36: =B32 -> horisontal | C36: =C32 -> 5 | D36: =D32 -> 0.8 | E36: 0 | M36: =M32 -> 2 | N36: =C36*D36*E36*M36 -> 0
B37: =B33 -> vertikal | C37: =C33 -> 4 | D37: =D33 -> 0.8 | E37: =E36 -> 0 | M37: =M33 -> 2 | N37: =C37*D37*E37*M37 -> 0
N38: =SUM(N36:N37) -> 0 | O38: m³ | P38: =ROUND((N38),2) -> 0
A39: d | B39: Pekerjaan Pondasi Batu Belah 1 : 5
D40: rata2
B41: =B32 -> horisontal | C41: =C23 -> 5 | D41: =(0.3+D23)/2 -> 0.55 | E41: =E23-E32 -> 0.8 | M41: =M32 -> 2 | N41: =C41*D41*E41*M41 -> 4.4
B42: =B33 -> vertikal | C42: =C33 -> 4 | D42: =D41 -> 0.55 | E42: =E41 -> 0.8 | M42: =M33 -> 2 | N42: =C42*D42*E42*M42 -> 3.52
N43: =SUM(N41:N42) -> 7.92 | O43: m³ | P43: =ROUND((N43),2) -> 7.92
A44: =A21+1 -> 4 | B44: Pekerjaan Angkur Sloof ke pondasi batu kali
B45: panjang sloof | C45: =C63 -> 5 | M45: =M63 -> 2 | N45: =C45*M45 -> 10
C46: =C64 -> 4 | M46: =M64 -> 2 | N46: =C46*M46 -> 8
N47: =SUM(N45:N46) -> 18
C48: 0.5 | F48: =N47 -> 18 | H48: 1 | L48: =10*10*0.006165 -> 0.6165 | N48: =C48*F48*H48*L48 -> 5.5485 | O48: kg | P48: =ROUND((N48),2) -> 5.55
A49: =A44+1 -> 5 | B49: Pekerjaan Sloof Beton 25/30
A50: a | B50: Pekerjaan Kayu Bekesting Sloof
B51: =B41 -> horisontal | C51: =C41 -> 5 | E51: 0.3 | H51: 2 | M51: =M41 -> 2 | N51: =C51*E51*H51*M51 -> 6
B52: =B42 -> vertikal | C52: =C42 -> 4 | E52: =E51 -> 0.3 | H52: =H51 -> 2 | M52: =M42 -> 2 | N52: =C52*E52*H52*M52 -> 4.8
N53: =SUM(N51:N52) -> 10.8 | O53: m² | P53: =ROUND((N53),2) -> 10.8
A54: b | B54: Pekerjaan Pembesian Besi Beton 5 D 10
B55: =B51 -> horisontal | C55: =C51 -> 5 | F55: 5 | L55: =10*10*0.006165 -> 0.6165 | M55: =M51 -> 2 | N55: =C55*F55*L55*M55 -> 30.825
B56: =B52 -> vertikal | C56: =C52 -> 4 | F56: =F55 -> 5 | L56: =L55 -> 0.6165 | M56: =M52 -> 2 | N56: =C56*F56*L56*M56 -> 24.66
N57: =SUM(N55:N56) -> 55.485 | O57: kg | P57: =ROUND((N57),2) -> 55.49
A58: c | B58: Pekerjaan Pembesian Besi Beton Ø 8 - 100/150
B59: =B55 -> horisontal | C59: =(0.17+0.22)*2 -> 0.78 | F59: =ROUNDDOWN((C55/0.125),0.1) -> 40 | I59: =0.05*2 -> 0.1 | L59: =8*8*0.006165 -> 0.39456 | M59: =M55 -> 2 | N59: =(C59+I59)*F59*L59*M59 -> 27.777024
B60: =B56 -> vertikal | C60: =C59 -> 0.78 | F60: =ROUNDDOWN((C56/0.125),0.1) -> 32 | I60: =I59 -> 0.1 | L60: =L59 -> 0.39456 | M60: =M56 -> 2 | N60: =(C60+I60)*F60*L60*M60 -> 22.221619
N61: =SUM(N59:N60) -> 49.998643 | O61: kg | P61: =ROUND((N61),2) -> 50
A62: d | B62: Pekerjaan beton semi mekanis setara fc = 20
B63: =B59 -> horisontal | C63: =C55 -> 5 | D63: 0.25 | E63: 0.3 | M63: =M59 -> 2 | N63: =C63*D63*E63*M63 -> 0.75
B64: =B60 -> vertikal | C64: =C56 -> 4 | D64: =D63 -> 0.25 | E64: =E63 -> 0.3 | M64: =M60 -> 2 | N64: =C64*D64*E64*M64 -> 0.6
N65: =SUM(N63:N64) -> 1.35 | O65: m³ | P65: =ROUND((N65),2) -> 1.35
A66: =A49+1 -> 6 | B66: Pekerjaan Lantai
A67: a | B67: Pekerjaan Urugan Tanah Urug | C67: =C63-(0.125*2) -> 4.75 | D67: =C64-(0.125*2) -> 3.75 | E67: 0.18 | N67: =C67*D67*E67 -> 3.20625 | O67: m³ | P67: =ROUND((N67),2) -> 3.21
A68: b | B68: Pekerjaan Urugan Pasir t = 5 cm | C68: =C67 -> 4.75 | D68: =D67 -> 3.75 | E68: 0.05 | N68: =C68*D68*E68 -> 0.890625 | O68: m³ | P68: =ROUND((N68),2) -> 0.89
A69: c | B69: Pekerjaan Rabat Beton t = 7 cm | C69: =C68 -> 4.75 | D69: =D68 -> 3.75 | E69: 0.07 | N69: =C69*D69*E69 -> 1.246875 | O69: m³ | P69: =ROUND((N69),2) -> 1.25
A70: d | B70: Pekerjaan Rolaag Dinding
C71: =C67 -> 4.75 | E71: 0.15 | H71: 2 | N71: =C71*E71*H71 -> 1.425
C72: =D67 -> 3.75 | E72: =E71 -> 0.15 | H72: =H71 -> 2 | N72: =C72*E72*H72 -> 1.125
N73: =SUM(N71:N72) -> 2.55 | O73: m² | P73: =ROUND((N73),2) -> 2.55
A74: e | B74: Pekerjaan Plesteran | N74: =N73 -> 2.55 | O74: m² | P74: =ROUND((N74),2) -> 2.55
A75: d | B75: Pekerjaan Acian | C75: =C69 -> 4.75 | D75: =D69 -> 3.75 | N75: =C75*D75 -> 17.8125 | O75: m² | P75: =ROUND((N75),2) -> 17.81
A76: =A66+1 -> 7 | B76: Pekerjaan Kolom Beton Pedestal 25/25
A77: a | B77: Pekerjaan Kayu Bekesting Kolom | D77: 0.25 | E77: 0.8 | H77: 4 | M77: =M14 -> 4 | N77: =D77*E77*H77*M77 -> 3.2 | O77: m² | P77: =ROUND((N77),2) -> 3.2
A78: b | B78: Pekerjaan Pembesian Besi Beton 8 D 10 | E78: =E77 -> 0.8 | F78: 8 | J78: 0.25 | L78: =10*10*0.006165 -> 0.6165 | M78: =M77 -> 4 | N78: =(E78+J78)*F78*L78*M78 -> 20.7144 | O78: kg | P78: =ROUND((N78),2) -> 20.71
A79: c | B79: Pekerjaan Pembesian Besi Beton Ø 8 - 150 | C79: =(0.17)*4 -> 0.68 | F79: =ROUNDDOWN((E78/0.15),0.1) -> 5 | I79: =0.05*2 -> 0.1 | L79: =8*8*0.006165 -> 0.39456 | M79: =M78 -> 4 | N79: =(C79+I79)*F79*L79*M79 -> 6.155136 | O79: kg | P79: =ROUND((N79),2) -> 6.16
A80: d | B80: Pekerjaan beton semi mekanis setara fc = 20 | C80: 0.25 | D80: 0.25 | E80: =E77 -> 0.8 | M80: =M78 -> 4 | N80: =C80*D80*E80*M80 -> 0.2 | O80: m³ | P80: =ROUND((N80),2) -> 0.2
A81: =A76+1 -> 8 | B81: Pekerjaan Kolom Beton 25/25
A82: a | B82: Pekerjaan Kayu Bekesting Kolom | D82: =D77 -> 0.25 | E82: =3.88-0.3 -> 3.58 | H82: =H77 -> 4 | M82: =M77 -> 4 | N82: =D82*E82*H82*M82 -> 14.32 | O82: m² | P82: =ROUND((N82),2) -> 14.32
A83: b | B83: Pekerjaan Pembesian Besi Beton 8 D 10 | E83: =E82 -> 3.58 | F83: =F78 -> 8 | J83: =J78 -> 0.25 | L83: =L78 -> 0.6165 | M83: =M82 -> 4 | N83: =(E83+J83)*F83*L83*M83 -> 75.55824 | O83: kg | P83: =ROUND((N83),2) -> 75.56
A84: c | B84: Pekerjaan Pembesian Besi Beton Ø 8 - 150 | C84: =C79 -> 0.68 | F84: =ROUNDDOWN((E83/0.15),0.1) -> 23 | I84: =I79 -> 0.1 | L84: =L79 -> 0.39456 | M84: =M83 -> 4 | N84: =(C84+I84)*F84*L84*M84 -> 28.313626 | O84: kg | P84: =ROUND((N84),2) -> 28.31
A85: d | B85: Pekerjaan beton semi mekanis setara fc = 20 | C85: =C80 -> 0.25 | D85: =D80 -> 0.25 | E85: =E83 -> 3.58 | M85: =M83 -> 4 | N85: =C85*D85*E85*M85 -> 0.895 | O85: m³ | P85: =ROUND((N85),2) -> 0.9
A86: =A81+1 -> 9 | B86: Pekerjaan Balok Beton RB-1 20/35
A87: a | B87: Pekerjaan Kayu Bekesting Balok
B88: vertical | C88: =C63 -> 5 | E88: 0.35 | H88: 2 | M88: 2 | N88: =C88*E88*H88*M88 -> 7
C89: =C88 -> 5 | D89: 0.2 | H89: 1 | M89: =M88 -> 2 | N89: =C89*D89*H89*M89 -> 2
B90: horizontal | C90: =C64 -> 4 | E90: =E88 -> 0.35 | H90: =H88 -> 2 | M90: =M88 -> 2 | N90: =C90*E90*H90*M90 -> 5.6
C91: =C90 -> 4 | D91: =D89 -> 0.2 | H91: =H89 -> 1 | M91: =M90 -> 2 | N91: =C91*D91*H91*M91 -> 1.6
N92: =SUM(N88:N91)/2 -> 8.1 | O92: m² | P92: =ROUND((N92),2) -> 8.1
A93: b | B93: Pekerjaan Pembesian Besi Beton 5 D 10
B94: =B88 -> vertical | C94: =C88 -> 5 | F94: 5 | L94: =10*10*0.006165 -> 0.6165 | M94: =M88 -> 2 | N94: =C94*F94*L94*M94 -> 30.825
B95: =B90 -> horizontal | C95: =C90 -> 4 | F95: =F94 -> 5 | L95: =L94 -> 0.6165 | M95: =M90 -> 2 | N95: =C95*F95*L95*M95 -> 24.66
N96: =SUM(N94:N95) -> 55.485 | O96: kg | P96: =ROUND((N96),2) -> 55.49
A97: c | B97: Pekerjaan Pembesian Besi Beton Ø 8 - 100/150
B98: =B94 -> vertical | C98: =(0.12+0.27)*2 -> 0.78 | F98: =ROUNDDOWN((C94/0.125),0.1) -> 40 | I98: =0.05*2 -> 0.1 | L98: =8*8*0.006165 -> 0.39456 | M98: =M94 -> 2 | N98: =(C98+I98)*F98*L98*M98 -> 27.777024
B99: =B95 -> horizontal | C99: =C98 -> 0.78 | F99: =ROUNDDOWN((C95/0.125),0.1) -> 32 | I99: =I98 -> 0.1 | L99: =L98 -> 0.39456 | M99: =M95 -> 2 | N99: =(C99+I99)*F99*L99*M99 -> 22.221619
N100: =SUM(N98:N99) -> 49.998643 | O100: kg | P100: =ROUND((N100),2) -> 50
A101: d | B101: Pekerjaan beton semi mekanis setara fc = 20
B102: =B98 -> vertical | C102: =C94 -> 5 | D102: =D89 -> 0.2 | E102: =E88 -> 0.35 | M102: =M98 -> 2 | N102: =C102*D102*E102*M102 -> 0.7
B103: =B99 -> horizontal | C103: =C95 -> 4 | D103: =D102 -> 0.2 | E103: =E102 -> 0.35 | M103: =M99 -> 2 | N103: =C103*D103*E103*M103 -> 0.56
...

Sheet 6. Vol Gd Beku
A4: PERHITUNGAN TALUD DINDING PENAHAN TANAH
A6: NO | B6: JENIS PEKERJAAN | C6: PANJANG | D6: LEBAR | E6: TINGGI | F6: JUMLAH | G6: TITIK | H6: SISI | I6: TEKUKAN | J6: OVERLAP | L6: BJ | M6: UNIT | N6: VOLUME | O6: SAT | P6: PEMBULATAN
J7: BAWAH | K7: ATAS
A10: XIX | B10: PEKERJAAN BANGUNAN GUDANG BEKU PORTABLE
A11: XIX.2 | B11: Pekerjaan Struktural Pondasi
A12: 1 | B12: Pekerjaan Bouwplank dan Uitzet
C13: =12+2+1 -> 15 | H13: 2 | N13: =C13*H13 -> 30
D14: =8.45+1 -> 9.45 | H14: =H13 -> 2 | N14: =D14*H14 -> 18.9
N15: =SUM(N13:N14) -> 48.9 | O15: m¹ | P15: =ROUND((N15),2) -> 48.9
A16: =A12+1 -> 2 | B16: Pekerjaan Tapak Beton 30x80x80 cm
A17: a | B17: Pekerjaan Galian Tanah s/d 1 m | C17: 1 | D17: 1 | E17: 0.3 | L17: =5*8 -> 40 | M17: =C17*D17*E17*L17 -> 12 | N17: =M17 -> 12 | O17: m³ | P17: =ROUND((N17),2) -> 12
A18: b | B18: Pekerjaan Urugan Pasir t = 7 cm | C18: 0.8 | D18: 0.8 | E18: 0.07 | L18: =L17 -> 40 | M18: =C18*D18*E18*L18 -> 1.792 | N18: =M18 -> 1.792 | O18: m³ | P18: =ROUND((N18),2) -> 1.79
A19: c | B19: Pekerjaan Lantai Kerja t = 3 cm | C19: =C18 -> 0.8 | D19: =D18 -> 0.8 | E19: 0.03 | L19: =L18 -> 40 | M19: =C19*D19*E19*L19 -> 0.768 | N19: =M19 -> 0.768 | O19: m³ | P19: =ROUND((N19),2) -> 0.77
A20: d | B20: Pekerjaan Kayu Bekesting Pondasi | C20: 1 | E20: 0.3 | H20: 4 | L20: =L19 -> 40 | M20: =C20*E20*H20*L20 -> 48 | N20: =M20 -> 48 | O20: m² | P20: =ROUND((N20),2) -> 48
A21: e | B21: Pekerjaan Pembesian Besi Beton D13 - 150 | C21: 0.65 | F21: =13*13*0.006165 -> 1.041885 | G21: =0.15*2 -> 0.3 | H21: 4 | K21: =ROUNDUP((C21/0.125),0.5)+1 -> 7 | L21: =L20 -> 40 | M21: =(C21+G21)*F21*H21*K21*L21 -> 1108.5656 | N21: =M21 -> 1108.5656 | O21: kg | P21: =ROUND((N21),2) -> 1108.57
A22: f | B22: Pekerjaan Beton Semi Mekanis setara fc = 20 | C22: =C19 -> 0.8 | D22: =D19 -> 0.8 | E22: =E20 -> 0.3 | L22: =L21 -> 40 | M22: =C22*D22*E22*L22 -> 7.68 | N22: =M22 -> 7.68 | O22: m³ | P22: =ROUND((N22),2) -> 7.68
A23: g | B23: Pekerjaan Cerucuk Kayu Dolken Ø 6 - 8 cm | E23: 4 | K23: 4 | L23: =L22 -> 40 | M23: =E23*K23*L23 -> 640 | N23: =M23 -> 640 | O23: m¹ | P23: =ROUND((N23),2) -> 640
A24: =A16+1 -> 3 | B24: Pekerjaan Kolom Beton Pedestal 25/25
A25: a | B25: Pekerjaan Kayu Bekesting Kolom | D25: 0.25 | E25: 0.9 | H25: 4 | M25: =L23 -> 40 | N25: =D25*E25*H25*M25 -> 36 | O25: m² | P25: =ROUND((N25),2) -> 36
A26: b | B26: Pekerjaan Pembesian Besi Beton 8 D 13 | E26: =E25 -> 0.9 | F26: 8 | J26: 0.2 | L26: =13*13*0.006165 -> 1.041885 | M26: =M25 -> 40 | N26: =(E26+J26)*F26*L26*M26 -> 366.74352 | O26: kg | P26: =ROUND((N26),2) -> 366.74
A27: c | B27: Pekerjaan Pembesian Besi Beton Ø 8 - 100/150 | C27: =0.22*4 -> 0.88 | F27: =ROUNDDOWN((E26/0.15),0.1) -> 6 | I27: =0.05*2 -> 0.1 | L27: =8*8*0.006165 -> 0.39456 | M27: =M26 -> 40 | N27: =(C27+I27)*F27*L27*M27 -> 92.800512 | O27: kg | P27: =ROUND((N27),2) -> 92.8
A28: d | B28: Pekerjaan Beton Site Mix 1 : 2 : 3 | C28: 0.25 | D28: 0.25 | E28: =E26 -> 0.9 | M28: =M26 -> 40 | N28: =C28*D28*E28*M28 -> 2.25 | O28: m³ | P28: =ROUND((N28),2) -> 2.25
A29: =A12+1 -> 2 | B29: Pekerjaan Pondasi Batu Belah (Bangunan)
A30: a | B30: Pekerjaan Galian Tanah keras sedalam 1 m
B31: Horisontal | C31: 8.45 | D31: 1.1 | E31: =0.5+0.8+0.2 -> 1.5 | M31: 5 | N31: =C31*D31*E31*M31 -> 69.7125
B32: Vertikal | C32: 12 | D32: =D31 -> 1.1 | E32: =E31 -> 1.5 | M32: 2 | N32: =C32*D32*E32*M32 -> 39.6
N33: =SUM(N31:N32) -> 109.3125 | O33: m³ | P33: =ROUND((N33),2) -> 109.31
A34: b | B34: Pekerjaan Pancang Cerucuk Dolken
B35: Panjang Pondasi | C35: =C31 -> 8.45 | M35: =SUM(M31:M31) -> 5 | N35: =C35*M35 -> 42.25
C36: =C32 -> 12 | M36: =M32 -> 2 | N36: =C36*M36 -> 24
N37: =SUM(N35:N36) -> 66.25
B38: Jumlah Crck = P Pond / 50 cm | E38: 4 | F38: =ROUNDUP((N37/0.5),0.1) -> 133 | H38: 3 | N38: =E38*F38*H38 -> 1596 | O38: m¹ | P38: =ROUND((N38),2) -> 1596
A39: e | B39: Pekerjaan Batu Aanstamping/Kosong
B40: =B31 -> Horisontal | C40: =C31 -> 8.45 | D40: =D31 -> 1.1 | E40: =E31-0.8-0.5 -> 0.2 | M40: =M31 -> 5 | N40: =C40*D40*E40*M40 -> 9.295
B41: =B32 -> Vertikal | C41: =C32 -> 12 | D41: =D32 -> 1.1 | E41: =E40 -> 0.2 | M41: =M32 -> 2 | N41: =C41*D41*E41*M41 -> 5.28
N42: =SUM(N40:N41) -> 14.575 | O42: m³ | P42: =ROUND((N42),2) -> 14.58
A43: f | B43: Pekerjaan Pondasi Batu Belah 1 : 5 | D43: rata2
B44: =B40 -> Horisontal | C44: =C40 -> 8.45 | D44: =(0.3+D40)/2 -> 0.7 | E44: =E31-E40 -> 1.3 | M44: =M40 -> 5 | N44: =C44*D44*E44*M44 -> 38.4475
B45: =B41 -> Vertikal | C45: =C41 -> 12 | D45: =D44 -> 0.7 | E45: =E44 -> 1.3 | M45: =M41 -> 2 | N45: =C45*D45*E45*M45 -> 21.84
N46: =SUM(N44:N45) -> 60.2875 | O46: m³ | P46: =ROUND((N46),2) -> 60.29
A47: g | B47: Pekerjaan Plesteran
B48: Horisontal | C48: =C44 -> 8.45 | E48: 0.8 | M48: 2 | N48: =C48*E48*M48 -> 13.52
B49: Vertikal | C49: =C45 -> 12 | E49: =E48 -> 0.8 | M49: =M48 -> 2 | N49: =C49*E49*M49 -> 19.2
N50: =SUM(N48:N49) -> 32.72 | O50: m² | P50: =ROUND((N50),2) -> 32.72
A51: h | B51: Pekerjaan Acian | N51: =N50 -> 32.72 | O51: m² | P51: =ROUND((N51),2) -> 32.72
A52: =A29+1 -> 3 | B52: Pekerjaan Pondasi Batu Belah (Teras)
A53: a | B53: Pekerjaan Galian Tanah keras sedalam 1 m
B54: Horisontal | C54: 8.45 | D54: 0.6 | E54: 0.3 | M54: 1 | N54: =C54*D54*E54*M54 -> 1.521
B55: Vertikal | C55: 2 | D55: =D54 -> 0.6 | E55: =E54 -> 0.3 | M55: 4 | N55: =C55*D55*E55*M55 -> 1.44
N56: =SUM(N54:N55) -> 2.961 | O56: m³ | P56: =ROUND((N56),2) -> 2.96
A57: b | B57: Pekerjaan Pancang Cerucuk Dolken
B58: Panjang Pondasi | C58: =C54 -> 8.45 | M58: =M54 -> 1 | N58: =C58*M58 -> 8.45
C59: =C55 -> 2 | M59: =M55 -> 4 | N59: =C59*M59 -> 8
N60: =SUM(N58:N59) -> 16.45
B61: Jumlah Crck = P Pond / 50 cm | E61: 4 | F61: =ROUNDUP((N60/0.5),0.1) -> 33 | H61: 2 | N61: =E61*F61*H61 -> 264 | O61: m¹ | P61: =ROUND((N61),2) -> 264
A62: C | B62: Pekerjaan Pondasi Batu Belah 1 : 5 | D62: rata2
B63: =B54 -> Horisontal | C63: =C54 -> 8.45 | D63: =(0.3+D55)/2 -> 0.45 | E63: =E54+0.6 -> 0.9 | M63: =M58 -> 1 | N63: =C63*D63*E63*M63 -> 3.42225
B64: =B55 -> Vertikal | C64: =C55 -> 2 | D64: =D63 -> 0.45 | E64: =E63 -> 0.9 | M64: =M59 -> 4 | N64: =C64*D64*E64*M64 -> 3.24
N65: =SUM(N63:N64) -> 6.66225 | O65: m³ | P65: =ROUND((N65),2) -> 6.66
A66: =A52+1 -> 4 | B66: Pekerjaan Angkur Sloof ke pondasi batu kali
B67: Sloof 30/30 | C67: =C31 -> 8.45 | M67: =M31 -> 5 | N67: =C67*M67 -> 42.25
C68: =C32 -> 12 | M68: =M32 -> 2 | N68: =C68*M68 -> 24
B69: Sloof 15/20 | C69: =C54 -> 8.45 | M69: =M104 -> 1 | N69: =C69*M69 -> 8.45
C70: =C55 -> 2 | M70: =M105 -> 4 | N70: =C70*M70 -> 8
N71: =SUM(N67:N70) -> 82.7
C72: 0.5 | F72: =ROUNDUP((N71/1),0.1)+1 -> 84 | L72: =10*10*0.006165 -> 0.6165 | N72: =C72*F72*L72 -> 25.893 | O72: kg | P72: =ROUND((N72),2) -> 25.89
A73: =A66+1 -> 5 | B73: Pekerjaan Sloof Beton SL-1 30/30
A74: a | B74: Pekerjaan Kayu Bekesting Sloof
B75: =B54 -> Horisontal | C75: =C54 -> 8.45 | E75: 0.3 | H75: 2 | M75: =SUM(M40:M40) -> 5 | N75: =C75*E75*H75*M75 -> 25.35
B76: =B55 -> Vertikal | C76: 12 | E76: =E75 -> 0.3 | H76: =H75 -> 2 | M76: =M41 -> 2 | N76: =C76*E76*H76*M76 -> 14.4
N77: =SUM(N75:N76) -> 39.75 | O77: m² | P77: =ROUND((N77),2) -> 39.75
A78: b | B78: Pekerjaan Pembesian Besi Beton 11 D 10 mm
B79: =B75 -> Horisontal | C79: =C75 -> 8.45 | F79: 11 | L79: =10*10*0.006165 -> 0.6165 | M79: =M75 -> 5 | N79: =C79*F79*L79*M79 -> 286.51837
B80: =B76 -> Vertikal | C80: =C76 -> 12 | F80: =F79 -> 11 | L80: =L79 -> 0.6165 | M80: =M76 -> 2 | N80: =C80*F80*L80*M80 -> 162.756
N81: =SUM(N79:N80) -> 449.27437 | O81: kg | P81: =ROUND((N81),2) -> 449.27
A82: c | B82: Pekerjaan Pembesian Besi Beton Ø 8 - 100/150
B83: =B79 -> Horisontal | C83: =0.15*4 -> 0.6 | F83: =ROUNDDOWN((C79/0.125),0.5)+1 -> 68 | I83: =0.05*2 -> 0.1 | L83: =10*10*0.006165 -> 0.6165 | M83: =M79 -> 5 | N83: =(C83+I83)*F83*L83*M83 -> 146.727
B84: =B80 -> Vertikal | C84: =C83 -> 0.6 | F84: =ROUNDDOWN((C80/0.125),0.5)+1 -> 97 | I84: =I83 -> 0.1 | L84: =L83 -> 0.6165 | M84: =M80 -> 2 | N84: =(C84+I84)*F84*L84*M84 -> 83.7207
N85: =SUM(N83:N84) -> 230.4477 | O85: kg | P85: =ROUND((N85),2) -> 230.45
A86: d | B86: Pekerjaan beton semi mekanis setara fc = 20
B87: =B83 -> Horisontal | C87: =C79 -> 8.45 | D87: 0.3 | E87: 0.3 | M87: =M83 -> 5 | N87: =C87*D87*E87*M87 -> 3.8025
B88: =B84 -> Vertikal | C88: =C80 -> 12 | D88: =D87 -> 0.3 | E88: =E87 -> 0.3 | M88: =M84 -> 2 | N88: =C88*D88*E88*M88 -> 2.16
N89: =SUM(N87:N88) -> 5.9625 | O89: m³ | P89: =ROUND((N89),2) -> 5.96
A90: =A73+1 -> 6 | B90: Pekerjaan Sloof Beton SL-2 15/20
A91: a | B91: Pekerjaan Kayu Bekesting Sloof
B92: HORISONTAL | C92: =C54 -> 8.45 | E92: =0.2 -> 0.2 | H92: 2 | M92: 1 | N92: =C92*E92*H92*M92 -> 3.38
B93: VERTIKAL | C93: 2 | E93: =E92 -> 0.2 | H93: =H92 -> 2 | M93: 4 | N93: =C93*E93*H93*M93 -> 3.2
N94: =SUM(N92:N93) -> 6.58 | O94: m² | P94: =ROUND((N94),2) -> 6.58
A95: b | B95: Pekerjaan Pembesian Besi Beton 4 D 10
B96: =B92 -> HORISONTAL | C96: =C92 -> 8.45 | F96: 4 | L96: =10*10*0.006165 -> 0.6165 | M96: =M92 -> 1 | N96: =C96*F96*L96*M96 -> 20.8377
B97: =B93 -> VERTIKAL | C97: =C93 -> 2 | F97: =F96 -> 4 | L97: =L96 -> 0.6165 | M97: =M93 -> 4 | N97: =C97*F97*L97*M97 -> 19.728
N98: =SUM(N96:N97) -> 40.5657 | O98: kg | P98: =ROUND((N98),2) -> 40.57
A99: c | B99: Pekerjaan Pembesian Besi Beton Ø 8 - 100/150
B100: =B96 -> HORISONTAL | C100: =(0.1*2)+(0.15*2) -> 0.5 | F100: =ROUNDDOWN((C96/0.125),0.5)+1 -> 68 | I100: =0.05*2 -> 0.1 | L100: =8*8*0.006165 -> 0.39456 | M100: =M96 -> 1 | N100: =(C100+I100)*F100*L100*M100 -> 16.098048
B101: =B97 -> VERTIKAL | C101: =C100 -> 0.5 | F101: =ROUNDDOWN((C97/0.125),0.5)+1 -> 17 | I101: =I100 -> 0.1 | L101: =L100 -> 0.39456 | M101: =M97 -> 4 | N101: =(C101+I101)*F101*L101*M101 -> 16.098048
N102: =SUM(N100:N101) -> 32.196096 | O102: kg | P102: =ROUND((N102),2) -> 32.2
A103: d | B103: Pekerjaan beton semi mekanis setara fc = 20
B104: =B100 -> HORISONTAL | C104: =C96 -> 8.45 | D104: 0.15 | E104: 0.2 | M104: =M100 -> 1 | N104: =C104*D104*E104*M104 -> 0.2535
B105: =B101 -> VERTIKAL | C105: =C97 -> 2 | D105: =D104 -> 0.15 | E105: =E104 -> 0.2 | M105: =M101 -> 4 | N105: =C105*D105*E105*M105 -> 0.24
N106: =SUM(N104:N105) -> 0.4935 | O106: m³ | P106: =ROUND((N106),2) -> 0.49
...

Sheet 6. Vol Pabrik ES
A1: NO | B1: JENIS PEKERJAAN | C1: PANJANG | D1: LEBAR | E1: TINGGI | F1: JUMLAH | G1: TITIK | H1: SISI | I1: TEKUKAN | J1: OVERLAP | L1: BJ | M1: UNIT | N1: VOLUME | O1: SAT | P1: PEMBULATAN
J2: BAWAH | K2: ATAS
A5: VII | B5: PEKERJAAN BANGUNAN PABRIK ES PORTABLE
A6: VII.7 | B6: Pekerjaan Struktural Pondasi
A7: 1 | B7: Pekerjaan Bouwplank dan Uitzet
C8: =12+1 -> 13 | H8: 2 | N8: =C8*H8 -> 26
D9: =6+1 -> 7 | H9: =H8 -> 2 | N9: =D9*H9 -> 14
N10: =SUM(N8:N9) -> 40 | O10: m¹ | P10: =ROUND((N10),2) -> 40
A11: =A7+1 -> 2 | B11: Pekerjaan Pondasi Batu Belah
A12: a | B12: Pekerjaan Galian Tanah keras sedalam 1 m
B13: Horisontal | C13: 5.7 | D13: 1.1 | E13: =0.8+0.2 -> 1 | M13: 5 | N13: =C13*D13*E13*M13 -> 31.35
B14: Vertikal | C14: 11.7 | D14: =D13 -> 1.1 | E14: =E13 -> 1 | M14: 2 | N14: =C14*D14*E14*M14 -> 25.74
N15: =SUM(N13:N14) -> 57.09 | O15: m³ | P15: =ROUND((N15),2) -> 57.09
A16: b | B16: Pekerjaan Pancang Cerucuk Dolken
B17: Panjang Pondasi | C17: =C13 -> 5.7 | M17: =M13 -> 5 | N17: =C17*M17 -> 28.5
C18: =C14 -> 11.7 | M18: =M14 -> 2 | N18: =C18*M18 -> 23.4
N19: =SUM(N17:N18) -> 51.9
B20: Jumlah Crck = P Pond / 50 cm | E20: 4 | F20: =ROUNDUP((N19/0.5),0.1) -> 104 | H20: 3 | N20: =E20*F20*H20 -> 1248 | O20: m¹ | P20: =ROUND((N20),2) -> 1248
A21: e | B21: Pekerjaan Batu Aanstamping/Kosong
B22: =B13 -> Horisontal | C22: =C13 -> 5.7 | D22: =D13 -> 1.1 | E22: 0.2 | M22: =M13 -> 5 | N22: =C22*D22*E22*M22 -> 6.27
B23: =B14 -> Vertikal | C23: =C14 -> 11.7 | D23: =D14 -> 1.1 | E23: =E22 -> 0.2 | M23: =M14 -> 2 | N23: =C23*D23*E23*M23 -> 5.148
N24: =SUM(N22:N23) -> 11.418 | O24: m³ | P24: =ROUND((N24),2) -> 11.42
A25: f | B25: Pekerjaan Pondasi Batu Belah 1 : 5 | D25: rata2
B26: =B22 -> Horisontal | C26: =C22 -> 5.7 | D26: =(0.3+D22)/2 -> 0.7 | E26: 1 | M26: =M22 -> 5 | N26: =C26*D26*E26*M26 -> 19.95
B27: =B23 -> Vertikal | C27: =C23 -> 11.7 | D27: =(0.3+D23)/2 -> 0.7 | E27: =E26 -> 1 | M27: =M23 -> 2 | N27: =C27*D27*E27*M27 -> 16.38
N28: =SUM(N27:N27) -> 16.38 | O28: m³ | P28: =ROUND((N28),2) -> 16.38
A29: g | B29: Pekerjaan Plesteran
B30: Horisontal | C30: =C26 -> 5.7 | E30: 0.5 | M30: 2 | N30: =C30*E30*M30 -> 5.7
B31: Vertikal | C31: =C27 -> 11.7 | E31: =E30 -> 0.5 | M31: =M30 -> 2 | N31: =C31*E31*M31 -> 11.7
N32: =SUM(N30:N31) -> 17.4 | O32: m² | P32: =ROUND((N32),2) -> 17.4
A33: h | B33: Pekerjaan Acian | N33: =N32 -> 17.4 | O33: m² | P33: =ROUND((N33),2) -> 17.4
A34: =A11+1 -> 3 | B34: Pekerjaan Pondasi Teras Batu Belah
A35: a | B35: Pekerjaan Galian Tanah keras sedalam 1 m
B36: Horizontal | C36: 6 | D36: 0.5 | E36: =0.3+0.2 -> 0.5 | M36: 1 | N36: =C36*D36*E36*M36 -> 1.5
B37: Vertikal | C37: 1.5 | D37: =D36 -> 0.5 | E37: =E36 -> 0.5 | M37: 2 | N37: =C37*D37*E37*M37 -> 0.75
N38: =SUM(N36:N37) -> 2.25 | O38: m³ | P38: =ROUND((N38),2) -> 2.25
A39: b | B39: Pekerjaan Pancang Cerucuk Dolken
C40: =C36 -> 6 | M40: =M36 -> 1 | N40: =C40*M40 -> 6
C41: =C37 -> 1.5 | M41: =M37 -> 2 | N41: =C41*M41 -> 3
N42: =SUM(N40:N41) -> 9
B43: Jumlah Crck = P Pond / 50 cm | E43: 4 | F43: =ROUNDUP((N42/0.5),0.1) -> 18 | H43: 2 | N43: =E43*F43*H43 -> 144 | O43: m¹ | P43: =ROUND((N43),2) -> 144
A45: c | B45: Pekerjaan Aanstamping/ Batu Kosong
B46: =B36 -> Horizontal | C46: =C36 -> 6 | D46: =D36 -> 0.5 | E46: 0.2 | M46: =M36 -> 1 | N46: =C46*D46*E46*M46 -> 0.6
B47: =B37 -> Vertikal | C47: =C37 -> 1.5 | D47: =D37 -> 0.5 | E47: =E46 -> 0.2 | M47: =M37 -> 2 | N47: =C47*D47*E47*M47 -> 0.3
N48: =SUM(N46:N47) -> 0.9 | O48: m³ | P48: =ROUND((N48),2) -> 0.9
A49: d | B49: Pekerjaan Pondasi Batu Belah 1 : 5 | D49: rata2
B50: =B46 -> Horizontal | C50: =C46 -> 6 | D50: =(0.3+D46)/2 -> 0.4 | E50: 0.6 | M50: =M46 -> 1 | N50: =C50*D50*E50*M50 -> 1.44
B51: =B47 -> Vertikal | C51: =C47 -> 1.5 | D51: =D50 -> 0.4 | E51: =E50 -> 0.6 | M51: =M47 -> 2 | N51: =C51*D51*E51*M51 -> 0.72
N52: =SUM(N50:N51) -> 2.16 | O52: m³ | P52: =ROUND((N52),2) -> 2.16
A53: e | B53: Pekerjaan Plesteran
B54: =B50 -> Horizontal | C54: =C50 -> 6 | E54: 0.5 | H54: 1 | N54: =C54*E54*H54 -> 3
B55: =B51 -> Vertikal | C55: =C51 -> 1.5 | E55: =E54 -> 0.5 | H55: 2 | N55: =C55*E55*H55 -> 1.5
N56: =SUM(N54:N55) -> 4.5 | O56: m² | P56: =ROUND((N56),2) -> 4.5
A57: f | B57: Pekerjaan Acian | N57: =N56 -> 4.5 | O57: m² | P57: =ROUND((N57),2) -> 4.5
A58: =A11+1 -> 3 | B58: Pekerjaan Angkur Sloof ke pondasi batu kali
B59: =B26 -> Horisontal | C59: =C26 -> 5.7 | M59: =M26 -> 5 | N59: =C59*M59 -> 28.5
B60: =B27 -> Vertikal | C60: =C27 -> 11.7 | M60: =M27 -> 2 | N60: =C60*M60 -> 23.4
N61: =SUM(N59:N60) -> 51.9
C62: 0.5 | F62: =ROUNDUP((N61/1),0.1)+1 -> 53 | L62: =10*10*0.006165 -> 0.6165 | N62: =C62*F62*L62 -> 16.33725 | O62: kg | P62: =ROUND((N62),2) -> 16.34
A63: =A58+1 -> 4 | B63: Pekerjaan Sloof Beton 30/30
A64: a | B64: Pekerjaan Kayu Bekesting Sloof
B65: =B59 -> Horisontal | C65: =C26 -> 5.7 | E65: 0.3 | H65: 2 | M65: =M26 -> 5 | N65: =C65*E65*H65*M65 -> 17.1
B66: =B60 -> Vertikal | C66: =C27 -> 11.7 | E66: =E65 -> 0.3 | H66: =H65 -> 2 | M66: =M27 -> 2 | N66: =C66*E66*H66*M66 -> 14.04
N67: =SUM(N65:N66) -> 31.14 | O67: m² | P67: =ROUND((N67),2) -> 31.14
A68: b | B68: Pekerjaan Pembesian Besi Beton 11 D 10
B69: =B65 -> Horisontal | C69: =C65 -> 5.7 | F69: 11 | L69: =10*10*0.006165 -> 0.6165 | M69: =M65 -> 5 | N69: =C69*F69*L69*M69 -> 193.27275
B70: =B66 -> Vertikal | C70: =C66 -> 11.7 | F70: =F69 -> 11 | L70: =L69 -> 0.6165 | M70: =M66 -> 2 | N70: =C70*F70*L70*M70 -> 158.6871
N71: =SUM(N69:N70) -> 351.95985 | O71: kg | P71: =ROUND((N71),2) -> 351.96
A72: c | B72: Pekerjaan Pembesian Besi Beton Ø 8 - 100/150
B73: =B69 -> Horisontal | C73: =0.15*4 -> 0.6 | F73: =ROUNDDOWN((C69/0.125),0.5) -> 45 | I73: =0.05*2 -> 0.1 | L73: =8*8*0.006165 -> 0.39456 | M73: =M69 -> 5 | N73: =(C73+I73)*F73*L73*M73 -> 62.1432
B74: =B70 -> Vertikal | C74: =C73 -> 0.6 | F74: =ROUNDDOWN((C70/0.125),0.5) -> 93 | I74: =I73 -> 0.1 | L74: =L73 -> 0.39456 | M74: =M70 -> 2 | N74: =(C74+I74)*F74*L74 -> 25.685856
N75: =SUM(N73:N74) -> 87.829056 | O75: kg | P75: =ROUND((N75),2) -> 87.83
A76: d | B76: Pekerjaan Beton Semi Mekanis setara fc = 20
B77: =B73 -> Horisontal | C77: =C69 -> 5.7 | D77: =E65 -> 0.3 | E77: =E66 -> 0.3 | M77: =M73 -> 5 | N77: =C77*D77*E77*M77 -> 2.565
B78: =B74 -> Vertikal | C78: =C70 -> 11.7 | D78: =D77 -> 0.3 | E78: =E77 -> 0.3 | M78: =M74 -> 2 | N78: =C78*D78*E78*M78 -> 2.106
N79: =SUM(N77:N78) -> 4.671 | O79: m³ | P79: =ROUND((N79),2) -> 4.67
A80: =A63+1 -> 5 | B80: Pekerjaan Sloof Beton 15/20 | C80: panjang pondasi= | F80: =N42 -> 9
A81: a | B81: Pekerjaan Kayu Bekesting Sloof | C81: =F80 -> 9 | E81: 0.2 | H81: 2 | N81: =C81*E81*H81 -> 3.6 | O81: m² | P81: =ROUND((N81),2) -> 3.6
A82: b | B82: Pekerjaan Pembesian Besi Beton 4 D 13 | C82: =C81 -> 9 | F82: 4 | L82: =13*13*0.006165 -> 1.041885 | N82: =C82*F82*L82 -> 37.50786 | O82: kg | P82: =ROUND((N82),2) -> 37.51
A83: c | B83: Pekerjaan Pembesian Besi Beton Ø 10 - 200 | C83: =0.15*4 -> 0.6 | F83: =ROUNDDOWN((C82/0.2),0.5) -> 45 | I83: =0.05*2 -> 0.1 | L83: =10*10*0.006165 -> 0.6165 | N83: =(C83+I83)*F83*L83 -> 19.41975 | O83: kg | P83: =ROUND((N83),2) -> 19.42
A84: d | B84: Pekerjaan Beton Semi Mekanis setara fc = 20 | C84: =C81 -> 9 | D84: 0.15 | E84: 0.2 | N84: =C84*D84*E84 -> 0.27 | O84: m³ | P84: =ROUND((N84),2) -> 0.27
A85: =A63+1 -> 5 | B85: Pekerjaan Lantai Beton t = 15 cm | C85: area
A86: a | B86: Pekerjaan Urugan Tanah Urug Kembali | C86: 1.04 | D86: =C30 -> 5.7 | N86: =C86*D86 -> 5.928 | O86: m³ | P86: =ROUND((N86),2) -> 5.93
A87: b | B87: Pekerjaan Pemadatan Tanah Urug | N87: =N86 -> 5.928 | O87: m³ | P87: =ROUND((N87),2) -> 5.93
A88: c | B88: Pekerjaan Urugan Pasir t = 10 cm | C88: =C31 -> 11.7 | D88: =D86 -> 5.7 | E88: 0.1 | N88: =C88*D88*E88 -> 6.669 | O88: m³ | P88: =ROUND((N88),2) -> 6.67
B89: Pekerjaan Lantai Kerja t = 5 cm | C89: =C88 -> 11.7 | D89: =D88 -> 5.7 | E89: 0.05 | N89: =C89*D89*E89 -> 3.3345 | O89: m³ | P89: =ROUND((N89),2) -> 3.33
A90: d | B90: Pekerjaan Kayu Bekesting Sloof
B91: Horisontal | C91: =D86 -> 5.7 | E91: 0.15 | H91: 2 | N91: =C91*E91*H91 -> 1.71
B92: Vertikal | C92: =C89 -> 11.7 | E92: =E91 -> 0.15 | H92: =H91 -> 2 | N92: =C92*E92*H92 -> 3.51
N93: =SUM(N91:N92) -> 5.22 | O93: m² | P93: =ROUND((N93),2) -> 5.22
A94: e | B94: Pekerjaan Pembesian Besi Beton Ø 10 - 200
B95: =B91 -> Horisontal | C95: =C91-0.15 -> 5.55 | F95: =ROUNDUP((C96/0.2),0.1)+1 -> 59 | H95: 2 | L95: =10*10*0.006165 -> 0.6165 | N95: =C95*F95*H95*L95 -> 403.74585
B96: =B92 -> Vertikal | C96: =C92-0.15 -> 11.55 | F96: =ROUNDUP((C95/0.2),0.1)+1 -> 29 | H96: =H95 -> 2 | L96: =L95 -> 0.6165 | N96: =C96*F96*H96*L96 -> 412.99335
N97: =SUM(N95:N96) -> 816.7392 | O97: kg | P97: =ROUND((N97),2) -> 816.74
A98: f | B98: Pekerjaan Beton Semi Mekanis setara fc = 20 | C98: =C92 -> 11.7 | D98: =C91 -> 5.7 | E98: 0.15 | N98: =C98*D98*E98 -> 10.0035 | O98: m³ | P98: =ROUND((N98),2) -> 10
A99: =A85+1 -> 6 | B99: Pekerjaan Lantai Teras Rabat Beton t = 7 cm
A100: a | B100: Pekerjaan Urugan Tanah Urug mendatangkan | C100: 6 | D100: 1.5 | E100: =5-E102-E103 -> 4.83 | N100: =C100*D100*E100 -> 43.47 | O100: m³ | P100: =ROUND((N100),2) -> 43.47
A101: b | B101: Pekerjaan Pemadatan Tanah Urug | N101: =N100 -> 43.47 | O101: m³ | P101: =ROUND((N101),2) -> 43.47
A102: c | B102: Pekerjaan Urugan Pasir urug | C102: =C100 -> 6 | D102: =D100 -> 1.5 | E102: 0.1 | N102: =C102*D102*E102 -> 0.9 | O102: m³ | P102: =ROUND((N102),2) -> 0.9
A103: d | B103: Pekerjaan Lantai Rabat Beton 7 cm | C103: =C100 -> 6 | D103: =D100 -> 1.5 | E103: 0.07 | N103: =C103*D103*E103 -> 0.63 | O103: m³ | P103: =ROUND((N103),2) -> 0.63
...

Sheet 8. Vol Area Parkir
A1: PERHITUNGAN
A3: NO | B3: JENIS PEKERJAAN | C3: PANJANG | D3: LEBAR | E3: TINGGI | F3: JUMLAH | G3: TITIK | H3: SISI | I3: TEKUKAN | J3: OVERLAP | L3: BJ | M3: UNIT | N3: VOLUME | O3: SAT | P3: PEMBULATAN
J4: BAWAH | K4: ATAS
A7: XXVI | B7: PEKERJAAN AREA PARKIR
A8: 1 | B8: Pekerjaan Urugan Makadam t = 20 cm
A9: a | B9: Area Parkir 1 | C9: 10 | D9: 10 | E9: 0.2 | N9: =C9*D9*E9 -> 20
A10: b | B10: Area Parkir 2 | C10: 5 | D10: 10 | E10: 0.2 | N10: =C10*D10*E10 -> 10
N11: =SUM(N9:N10) -> 30 | O11: m³ | P11: =ROUND((N11),2) -> 30
A12: =A8+1 -> 2 | B12: Pekerjaan Pemadatan Makadam
A13: a | B13: Area Parkir 1 | N13: =N9 -> 20
A14: b | B14: Area Parkir 2 | N14: =N10 -> 10
N15: =SUM(N13:N14) -> 30 | O15: m³ | P15: =ROUND((N15),2) -> 30
A16: =A12+1 -> 3 | B16: Pekerjaan Urugan Sirtu t = 10 cm
A17: a | B17: Area Parkir 1 | C17: =C9 -> 10 | D17: =D9 -> 10 | E17: 0.1 | N17: =C17*D17*E17 -> 10
A18: b | B18: Area Parkir 2 | C18: =C10 -> 5 | D18: =D10 -> 10 | E18: =E17 -> 0.1 | N18: =C18*D18*E18 -> 5
N19: =SUM(N17:N18) -> 15 | O19: m³ | P19: =ROUND((N19),2) -> 15
A20: =A16+1 -> 4 | B20: Pekerjaan Pemadatan Sirtu
A21: a | B21: Area Parkir 1 | N21: =N17 -> 10
A22: b | B22: Area Parkir 2 | N22: =N18 -> 5
N23: =SUM(N21:N22) -> 15 | O23: m³ | P23: =ROUND((N23),2) -> 15
A24: =A20+1 -> 5 | B24: Pekerjaan Pasir Urug t = 5 cm
A25: a | B25: Area Parkir 1 | C25: =C17 -> 10 | D25: =D17 -> 10 | E25: 0.05 | N25: =C25*D25*E25 -> 5
A26: b | B26: Area Parkir 2 | C26: =C18 -> 5 | D26: =D18 -> 10 | E26: =E25 -> 0.05 | N26: =C26*D26*E26 -> 2.5
N27: =SUM(N25:N26) -> 7.5 | O27: m³ | P27: =ROUND((N27),2) -> 7.5
A28: =A24+1 -> 6 | B28: Pekerjaan Lantai Paving | R28: 5*7
A29: a | B29: Area Parkir 1 | C29: =C17 -> 10 | D29: =D17 -> 10 | N29: =C29*D29 -> 100 | R29: =R28 -> 5*7
A30: b | B30: Area Parkir 2 | C30: =C18 -> 5 | D30: =D18 -> 10 | N30: =C30*D30 -> 50 | R30: 7
N31: =SUM(N29:N30) -> 150 | O31: m² | P31: =ROUND((N31),2) -> 150
A32: =A28+1 -> 7 | B32: Pekerjaan Kanstin 15.25.40
A33: a | B33: Area Parkir 1 | C33: =C25*3 -> 30 | N33: =C33 -> 30
A34: b | B34: Area Parkir 2 | C34: =C26*2+D26 -> 20 | N34: =C34 -> 20
N35: =SUM(N33:N34) -> 50 | O35: m¹ | P35: =ROUND((N35),2) -> 50

Sheet 7. Vol Kios 3x4
A4: PERHITUNGAN TALUD DINDING PENAHAN TANAH
A6: NO | B6: JENIS PEKERJAAN | C6: PANJANG | D6: LEBAR | E6: TINGGI | F6: TEKUKAN | G6: OVERLAP BAWAH | H6: OVERLAP ATAS | I6: BJ | J6: SISI | K6: JUMLAH | L6: UNIT | M6: VOLUME | N6: SAT
A10: 8 | B10: Pekerjaan Bangunan Kios Perbekalan (1 Unit)
A11: 8.1. | B11: Pekerjaan Struktural
A12: 1 | B12: Pekerjaan Bouwplank dan Uitzet
C13: =3+1 -> 4 | J13: 2 | M13: =C13*J13 -> 8
D14: =4+1 -> 5 | J14: =J13 -> 2 | M14: =D14*J14 -> 10
M15: =SUM(M13:M14) -> 18 | N15: m¹
A16: =A12+1 -> 2 | B16: Pekerjaan Tapak Beton 30x80x80 cm
A17: a | B17: Pekerjaan Galian Tanah s/d 1 m | C17: =0.8+0.1+0.1 -> 1 | D17: =C17 -> 1 | E17: =0.8+0.3+0.03+0.07 -> 1.2 | L17: 4 | M17: =C17*D17*E17*L17 -> 4.8 | N17: m³
A18: b | B18: Pekerjaan Urugan Pasir t = 7 cm | C18: =C17 -> 1 | D18: =D17 -> 1 | E18: 0.07 | L18: =L17 -> 4 | M18: =C18*D18*E18*L18 -> 0.28 | N18: m³
A19: c | B19: Pekerjaan Lantai Kerja t = 3 cm | C19: =C18 -> 1 | D19: =D18 -> 1 | E19: 0.03 | L19: =L18 -> 4 | M19: =C19*D19*E19*L19 -> 0.12 | N19: m³
A20: d | B20: Pekerjaan Bekesting Pasangan Batako | C20: =C19 -> 1 | E20: =E17-0.8-E18-E19 -> 0.3 | H20: 4 | L20: =L19 -> 4 | M20: =C20*E20*H20*L20 -> 4.8 | N20: m²
A21: e | B21: Pekerjaan Pembesian Besi Beton D10 - 150 | C21: 0.45 | F21: =10*10*0.006165 -> 0.6165 | G21: =0.15*2 -> 0.3 | H21: 4 | K21: =ROUNDUP((C21/0.15),0.5) -> 3 | L21: =L20 -> 4 | M21: =(C21+G21)*F21*H21*K21*L21 -> 22.194 | N21: kg
A22: f | B22: Pekerjaan beton semi mekanis setara fc = 20 | C22: =C17-0.2 -> 0.8 | D22: =D17-0.2 -> 0.8 | E22: =E20 -> 0.3 | L22: =L21 -> 4 | M22: =C22*D22*E22*L22 -> 0.768 | N22: m³
A23: g | B23: Pekerjaan Cerucuk Kayu Dolken Ø 6 - 8 cm | E23: 4 | K23: 5 | L23: =L22 -> 4 | M23: =E23*K23*L23 -> 80 | N23: m¹
A24: =A16+1 -> 3 | B24: Pekerjaan Pondasi Pas. Batu Belah
A25: a | B25: Pekerjaan Galian Tanah sampai dengan 1 m
B26: Memanjang | C26: 3 | D26: 0.8 | E26: =0.8+0.07 -> 0.87 | L26: 2 | M26: =C26*D26*E26*L26 -> 4.176
C27: 1.5 | D27: =D26 -> 0.8 | E27: =E26 -> 0.87 | L27: 1 | M27: =C27*D27*E27*L27 -> 1.044
B28: melintang | C28: 4 | D28: =D27 -> 0.8 | E28: =E27 -> 0.87 | L28: =L26 -> 2 | M28: =C28*D28*E28*L28 -> 5.568
C29: 1.5 | D29: =D28 -> 0.8 | E29: =E28 -> 0.87 | L29: =L27 -> 1 | M29: =C29*D29*E29*L29 -> 1.044
M30: =SUM(M26:M29) -> 11.832 | N30: m³
A31: b | B31: Pekerjaan Pancang Cerucuk Dolken
C32: =C26 -> 3 | L32: =L26 -> 2 | M32: =C32*L32 -> 6
C33: =C27 -> 1.5 | L33: =L27 -> 1 | M33: =C33*L33 -> 1.5
C34: =C28 -> 4 | L34: =L28 -> 2 | M34: =C34*L34 -> 8
C35: =C29 -> 1.5 | L35: =L29 -> 1 | M35: =C35*L35 -> 1.5
M36: =SUM(M32:M35) -> 17
B37: Panjang Pondasi / 50 cm | E37: 4 | J37: 2 | K37: =M36/0.5 -> 34 | M37: =E37*J37*K37 -> 272 | N37: m¹
A38: c | B38: Pekerjaan Urugan Pasir urug t = 7 cm
B39: Memanjang | C39: =C26 -> 3 | D39: =D26 -> 0.8 | E39: =E26-0.8 -> 0.07 | L39: =L26 -> 2 | M39: =C39*D39*E39*L39 -> 0.336
C40: =C27 -> 1.5 | D40: =D27 -> 0.8 | E40: =E39 -> 0.07 | L40: =L27 -> 1 | M40: =C40*D40*E40*L40 -> 0.084
B41: melintang | C41: =C28 -> 4 | D41: =D28 -> 0.8 | E41: =E40 -> 0.07 | L41: =L28 -> 2 | M41: =C41*D41*E41*L41 -> 0.448
C42: =C29 -> 1.5 | D42: =D29 -> 0.8 | E42: =E41 -> 0.07 | L42: =L29 -> 1 | M42: =C42*D42*E42*L42 -> 0.084
M43: =SUM(M39:M42) -> 0.952 | N43: m³
A44: d | B44: Pekerjaan Lantai Kerja t = 3 cm
B45: =B39 -> Memanjang | C45: =C39 -> 3 | D45: =D39 -> 0.8 | E45: 0 | L45: =L32 -> 2 | M45: =C45*D45*E45*L45 -> 0
B46: =B41 -> melintang | C46: =C41 -> 4 | D46: =D41 -> 0.8 | E46: 0 | L46: =L34 -> 2 | M46: =C46*D46*E46*L46 -> 0
M47: =SUM(M45:M46) -> 0 | N47: m³
A48: d | B48: Pekerjaan Pondasi Batu Belah
B49: Memanjang | C49: =C39 -> 3 | D49: =(0.3+D39)/2 -> 0.55 | E49: =E26-E39-E45 -> 0.8 | L49: =L39 -> 2 | M49: =C49*D49*E49*L49 -> 2.64
C50: =C40 -> 1.5 | D50: =(0.3+D40)/2 -> 0.55 | E50: =E27-E40-E46 -> 0.8 | L50: =L40 -> 1 | M50: =C50*D50*E50*L50 -> 0.66
B51: melintang | C51: =C41 -> 4 | D51: =(0.3+D41)/2 -> 0.55 | E51: =E28-E41-E47 -> 0.8 | L51: =L41 -> 2 | M51: =C51*D51*E51*L51 -> 3.52
C52: =C42 -> 1.5 | D52: =(0.3+D42)/2 -> 0.55 | E52: =E29-E42-E48 -> 0.8 | L52: =L42 -> 1 | M52: =C52*D52*E52*L52 -> 0.66
M53: =SUM(M49:M52) -> 7.48 | N53: m³
A54: =A24+1 -> 4 | B54: Pekerjaan Angkur Sloof D13 ke Pondasi Batu Kali
B55: Panjang Sloof | C55: =C49 -> 3 | L55: =L49 -> 2 | M55: =C55*L55 -> 6
C56: =C50 -> 1.5 | L56: =L50 -> 1 | M56: =C56*L56 -> 1.5
C57: =C51 -> 4 | L57: =L51 -> 2 | M57: =C57*L57 -> 8
C58: =C52 -> 1.5 | L58: =L52 -> 1 | M58: =C58*L58 -> 1.5
M59: =SUM(M55:M58) -> 17 | N59: m¹
B60: Jumlah Batang | C60: =M59 -> 17 | D60: 1 | M60: =ROUNDDOWN((C60/D60),0.5) -> 17 | N60: bh
B61: dalam KG | C61: 0.5 | F61: =M60 -> 17 | K61: =10*10*0.006165 -> 0.6165 | M61: =F61*K61*C61 -> 5.24025 | N61: kg
A62: =A54+1 -> 5 | B62: Pekerjaan Sloof Beton 25/30
A63: a | B63: Pekerjaan Kayu Bekesting 3 kali pakai
B64: Memanjang | C64: =C49 -> 3 | E64: 0.3 | J64: 2 | L64: =L49 -> 2 | M64: =C64*E64*J64*L64 -> 3.6
C65: =C50 -> 1.5 | E65: =E64 -> 0.3 | J65: =J64 -> 2 | L65: =L50 -> 1 | M65: =C65*E65*J65*L65 -> 0.9
B66: melintang | C66: =C51 -> 4 | E66: =E65 -> 0.3 | J66: =J65 -> 2 | L66: =L51 -> 2 | M66: =C66*E66*J66*L66 -> 4.8
C67: =C52 -> 1.5 | E67: =E66 -> 0.3 | J67: =J66 -> 2 | L67: =L52 -> 1 | M67: =C67*E67*J67*L67 -> 0.9
M68: =SUM(M64:M66)/3 -> 3.1 | N68: m²
A69: b | B69: Pekerjaan Pembesian Besi Beton 5 D 10 mm
B70: Memanjang | C70: =C64 -> 3 | I70: =10*10*0.006165 -> 0.6165 | K70: 5 | L70: =L64 -> 2 | M70: =C70*I70*K70*L70 -> 18.495
C71: =C65 -> 1.5 | I71: =I70 -> 0.6165 | K71: =K70 -> 5 | L71: =L65 -> 1 | M71: =C71*I71*K71*L71 -> 4.62375
B72: melintang | C72: =C66 -> 4 | I72: =I71 -> 0.6165 | K72: =K71 -> 5 | L72: =L66 -> 2 | M72: =C72*I72*K72*L72 -> 24.66
C73: =C67 -> 1.5 | I73: =I72 -> 0.6165 | K73: =K72 -> 5 | L73: =L67 -> 1 | M73: =C73*I73*K73*L73 -> 4.62375
M74: =SUM(M70:M72) -> 47.77875 | N74: kg
A75: c | B75: Pekerjaan Pembesian Besi Beton Ø 8 mm - 100/150
B76: Memanjang | C76: =(0.17+0.22)*2 -> 0.78 | F76: =0.05*2 -> 0.1 | I76: =8*8*0.006165 -> 0.39456 | K76: =ROUNDUP((C70/0.125),0.5) -> 24 | L76: =L70 -> 2 | M76: =(C76+F76)*I76*K76*L76 -> 16.666214
C77: =C76 -> 0.78 | F77: =F76 -> 0.1 | I77: =I76 -> 0.39456 | K77: =ROUNDUP((C71/0.125),0.5) -> 12 | L77: =L71 -> 1 | M77: =(C77+F77)*I77*K77*L77 -> 4.1665536
B78: melintang | C78: =C77 -> 0.78 | F78: =F77 -> 0.1 | I78: =I77 -> 0.39456 | K78: =ROUNDUP((C72/0.125),0.5) -> 32 | L78: =L72 -> 2 | M78: =(C78+F78)*I78*K78*L78 -> 22.221619
C79: =C78 -> 0.78 | F79: =F78 -> 0.1 | I79: =I78 -> 0.39456 | K79: =ROUNDUP((C73/0.125),0.5) -> 12 | L79: =L73 -> 1 | M79: =(C79+F79)*I79*K79*L79 -> 4.1665536
M80: =SUM(M76:M78) -> 43.054387 | N80: kg
A81: d | B81: Pekerjaan Beton Site Mix setara fc = 20
B82: Memanjang | C82: =C70 -> 3 | D82: 0.25 | E82: 0.3 | L82: =L76 -> 2 | M82: =C82*D82*E82 -> 0.225
C83: =C71 -> 1.5 | D83: =D82 -> 0.25 | E83: =E82 -> 0.3 | L83: =L77 -> 1 | M83: =C83*D83*E83 -> 0.1125
B84: melintang | C84: =C72 -> 4 | D84: =D83 -> 0.25 | E84: =E83 -> 0.3 | L84: =L78 -> 2 | M84: =C84*D84*E84 -> 0.3
C85: =C73 -> 1.5 | D85: =D84 -> 0.25 | E85: =E84 -> 0.3 | L85: =L79 -> 1 | M85: =C85*D85*E85 -> 0.1125
M86: =SUM(M82:M84) -> 0.6375 | N86: m³
A87: =A62+1 -> 6 | B87: Pekerjaan Kolom Beton Pedestal 25/25
A88: a | B88: Pekerjaan Kayu Bekesting Kolom | D88: 0.25 | E88: 0.8 | G88: 4 | L88: =L17 -> 4 | M88: =D88*E88*G88*L88 -> 3.2 | N88: m²
A89: b | B89: Pekerjaan Pembesian Besi Beton 8 D 10 mm | E89: =E88 -> 0.8 | F89: 8 | I89: 0.25 | K89: =10*10*0.006165 -> 0.6165 | L89: =L88 -> 4 | M89: =(E89+I89)*F89*K89*L89 -> 20.7144 | N89: kg
A90: c | B90: Pekerjaan Pembesian Besi Beton Ø 8 mm - 150 | C90: =(0.17)*4 -> 0.68 | F90: =ROUNDDOWN((E89/0.15),0.1) -> 5 | H90: =0.05*2 -> 0.1 | K90: =8*8*0.006165 -> 0.39456 | L90: =L89 -> 4 | M90: =(C90+H90)*F90*K90*L90 -> 6.155136 | N90: kg
A91: d | B91: Pekerjaan Beton Site Mix setara fc = 20 | C91: 0.25 | D91: 0.25 | E91: =E88 -> 0.8 | L91: =L89 -> 4 | M91: =C91*D91*E91*L91 -> 0.2 | N91: m³
A92: =A87+1 -> 7 | B92: Pekerjaan Kolom Beton 25/25
A93: a | B93: Pekerjaan Kayu Bekesting Kolom | D93: =D88 -> 0.25 | E93: =3.88-0.3 -> 3.58 | G93: =G88 -> 4 | L93: =L88 -> 4 | M93: =D93*E93*G93*L93 -> 14.32 | N93: m²
A94: b | B94: Pekerjaan Pembesian Besi Beton 8 D 10 mm | E94: =E93 -> 3.58 | F94: =F89 -> 8 | I94: =I89 -> 0.25 | K94: =K89 -> 0.6165 | L94: =L93 -> 4 | M94: =(E94+I94)*F94*K94*L94 -> 75.55824 | N94: kg
A95: c | B95: Pekerjaan Pembesian Besi Beton Ø 8 mm - 150 | C95: =C90 -> 0.68 | F95: =ROUNDDOWN((E94/0.15),0.1) -> 23 | H95: =H90 -> 0.1 | K95: =K90 -> 0.39456 | L95: =L94 -> 4 | M95: =(C95+H95)*F95*K95*L95 -> 28.313626 | N95: kg
A96: d | B96: Pekerjaan Beton Site Mix setara fc = 20 | C96: =C91 -> 0.25 | D96: =D91 -> 0.25 | E96: =E94 -> 3.58 | L96: =L94 -> 4 | M96: =C96*D96*E96*L96 -> 0.895 | N96: m³
A97: =A92+1 -> 8 | B97: Pekerjaan Kolom Beton Praktis 15/15
A98: a | B98: Pekerjaan Kayu Bekesting Kolom | D98: 0.15 | E98: =E93 -> 3.58 | G98: 4 | L98: 3 | M98: =D98*E98*G98*L98*0.5 -> 3.222 | N98: m²
A99: b | B99: Pekerjaan Pembesian Besi Beton 4 D 10 mm | E99: =E98 -> 3.58 | F99: 4 | I99: =I94 -> 0.25 | K99: =10*10*0.006165 -> 0.6165 | L99: =L98 -> 3 | M99: =(E99+I99)*F99*K99*L99 -> 28.33434 | N99: kg
A100: c | B100: Pekerjaan Pembesian Besi Beton Ø 8 mm - 100/150 | C100: =0.1*4 -> 0.4 | F100: =ROUNDDOWN((E99/0.125),0.5) -> 28 | H100: =0.05*2 -> 0.1 | K100: =8*8*0.006165 -> 0.39456 | L100: =L99 -> 3 | M100: =(C100+H100)*F100*K100*L100 -> 16.57152 | N100: kg
A101: d | B101: Pekerjaan Beton Site Mix setara fc = 20 | C101: 0.15 | D101: 0.15 | E101: =E99 -> 3.58 | L101: =L99 -> 3 | M101: =C101*D101*E101*L101 -> 0.24165 | N101: m³
A102: =A97+1 -> 9 | B102: Pekerjaan Balok Beton RB-1 20/35
A103: a | B103: Pekerjaan Bekesting Balok 2 kali pakai
B104: Horisontal | C104: =C64 -> 3 | E104: 0.35 | J104: 2 | L104: 2 | M104: =C104*E104*J104*L104 -> 4.2
C105: =C104 -> 3 | D105: 0.2 | J105: 1 | L105: =L104 -> 2 | M105: =C105*D105*J105*L105 -> 1.2
B106: Vertikal | C106: 4 | E106: =E104 -> 0.35 | J106: =J104 -> 2 | L106: 2 | M106: =C106*E106*J106*L106 -> 5.6
C107: =C106 -> 4 | D107: =D105 -> 0.2 | J107: 1 | L107: =L106 -> 2 | M107: =C107*D107*J107*L107 -> 1.6
...

Sheet 9. Vol Cool Box G
A1: PERHITUNGAN
A3: NO | B3: JENIS PEKERJAAN | C3: PANJANG | D3: LEBAR | E3: TINGGI | F3: JUMLAH | G3: TITIK | H3: SISI | I3: TEKUKAN | J3: OVERLAP | L3: BJ | M3: UNIT | N3: VOLUME | O3: SAT | P3: PEMBULATAN
J4: BAWAH | K4: ATAS
A7: L | B7: Pekerjaan Cool Box
A8: L.1 | B8: Pekerjaan Struktural
A9: 1 | B9: Pekerjaan Bouwplank dan Uitzet | C9: luas pinggir + overlap 1 m
C10: =8+1 -> 9 | H10: 2 | N10: =C10*H10 -> 18
D11: =5+1 -> 6 | H11: 2 | N11: =D11*H11 -> 12
N12: =SUM(N10:N11) -> 30 | O12: m² | P12: =ROUND((N12),2) -> 30
A13: =A9+1 -> 2 | B13: Pekerjaan Tapak Beton 15x60x60 cm
A14: a | B14: Pekerjaan Galian Tanah s/d 1 m | C14: =0.6+0.1+0.1 -> 0.8 | D14: =C14 -> 0.8 | E14: =0.6+0.15+0.03+0.07 -> 0.85 | M14: 6 | N14: =C14*D14*E14*M14 -> 3.264 | O14: m³
A15: b | B15: Pekerjaan Urugan Pasir t = 7 cm | C15: 0.8 | D15: 0.8 | E15: 0.07 | M15: =M14 -> 6 | N15: =C15*D15*E15*M15 -> 0.2688 | O15: m³
A16: c | B16: Pekerjaan Lantai Kerja t = 3 cm | C16: =C15 -> 0.8 | D16: =D15 -> 0.8 | E16: 0.03 | M16: =M15 -> 6 | N16: =C16*D16*E16*M16 -> 0.1152 | O16: m³
A17: d | B17: Pekerjaan Bekesting Pasangan Batako | C17: =C16 -> 0.8 | E17: =E14-0.6-E15-E16 -> 0.15 | H17: 4 | M17: =M16 -> 6 | N17: =C17*E17*H17*M17 -> 2.88 | O17: m²
A18: e | B18: Pekerjaan Pembesian Besi Beton D10 - 150 | C18: 0.45 | F18: =10*10*0.006165 -> 0.6165 | G18: =0.15*2 -> 0.3 | H18: 4 | L18: =ROUNDUP((C18/0.15),0.5) -> 3 | M18: =M17 -> 6 | N18: =(C18+G18)*F18*H18*L18*M18 -> 33.291 | O18: kg
A19: f | B19: Pekerjaan beton semi mekanis setara fc = 20 | C19: =C14-0.2 -> 0.6 | D19: =D14-0.2 -> 0.6 | E19: =E17 -> 0.15 | M19: =M18 -> 6 | N19: =C19*D19*E19*M19 -> 0.324 | O19: m³
A20: g | B20: Pekerjaan Cerucuk Kayu Dolken Ø 6 - 8 cm | E20: 4 | L20: 4 | M20: =M19 -> 6 | N20: =E20*L20*M20 -> 96 | O20: m¹
A21: =A13+1 -> 3 | B21: Pekerjaan Pondasi Batu Belah
A22: a | B22: Pekerjaan Galian Tanah sedalam 1 m
B23: vertikal | C23: 8 | D23: 0.6 | E23: =0.6+0.07 -> 0.67 | M23: 3 | N23: =C23*D23*E23*M23 -> 9.648
B24: horizontal | C24: 5 | D24: =D23 -> 0.6 | E24: =E23 -> 0.67 | M24: 3 | N24: =C24*D24*E24*M24 -> 6.03
N25: =SUM(N23:N24) -> 15.678 | O25: m³ | P25: =ROUND((N25),2) -> 15.68
A26: b | B26: Pekerjaan Pancang Cerucuk Dolken
B27: =B23 -> vertikal | C27: =C23 -> 8 | M27: =M23 -> 3 | N27: =C27*M27 -> 24
B28: =B24 -> horizontal | C28: =C24 -> 5 | M28: =M24 -> 3 | N28: =C28*M28 -> 15
N29: =SUM(N27:N28) -> 39
B30: Panjang Pondasi / 50 cm | E30: 4 | F30: =N29/0.5 -> 78 | H30: 2 | N30: =E30*H30*F30 -> 624 | O30: m¹ | P30: =ROUND((N30),2) -> 624
A31: c | B31: Pekerjaan Urugan Pasir urug t = 7 cm
B32: =B23 -> vertikal | C32: =C23 -> 8 | D32: =D23 -> 0.6 | E32: 0.07 | M32: =M23 -> 3 | N32: =C32*D32*E32*M32 -> 1.008
B33: =B24 -> horizontal | C33: =C24 -> 5 | D33: =D24 -> 0.6 | E33: =E32 -> 0.07 | M33: =M24 -> 3 | N33: =C33*D33*E33*M33 -> 0.63
N34: =SUM(N32:N33) -> 1.638 | O34: m³ | P34: =ROUND((N34),2) -> 1.64
A35: d | B35: Pekerjaan Lantai Kerja t = 3 cm
B36: =B32 -> vertikal | C36: =C32 -> 8 | D36: =D32 -> 0.6 | E36: 0 | M36: =M32 -> 3 | N36: =C36*D36*E36*M36 -> 0
B37: =B33 -> horizontal | C37: =C33 -> 5 | D37: =D33 -> 0.6 | E37: 0 | M37: =M33 -> 3 | N37: =C37*D37*E37*M37 -> 0
N38: =SUM(N36:N37) -> 0 | O38: m³ | P38: =ROUND((N38),2) -> 0
A39: d | B39: Pekerjaan Pondasi Batu Belah 1 : 5
D40: rata2
B41: =B32 -> vertikal | C41: =C23 -> 8 | D41: =(0.2+D23)/2 -> 0.4 | E41: =E23-E32-E36 -> 0.6 | M41: =M32 -> 3 | N41: =C41*D41*E41*M41 -> 5.76
B42: =B33 -> horizontal | C42: =C33 -> 5 | D42: =D41 -> 0.4 | E42: =E41 -> 0.6 | M42: =M33 -> 3 | N42: =C42*D42*E42*M42 -> 3.6
N43: =SUM(N41:N42) -> 9.36 | O43: m³ | P43: =ROUND((N43),2) -> 9.36
A44: =A21+1 -> 4 | B44: Pekerjaan Angkur Sloof ke pondasi batu kali
B45: panjang sloof | C45: =C51 -> 8 | M45: =M51 -> 3 | N45: =C45*M45 -> 24
C46: =C52 -> 5 | M46: =M52 -> 3 | N46: =C46*M46 -> 15
N47: =SUM(N45:N46) -> 39
C48: 0.5 | F48: =N47 -> 39 | H48: 1 | L48: =13*13*0.006165 -> 1.041885 | N48: =C48*F48*H48*L48 -> 20.316757 | O48: kg | P48: =ROUND((N48),2) -> 20.32
A49: =A44+1 -> 5 | B49: Pekerjaan Sloof Beton 15/30
A50: a | B50: Pekerjaan Kayu Bekesting Sloof
B51: =B41 -> vertikal | C51: =C41 -> 8 | E51: 0.3 | H51: 2 | M51: =M41 -> 3 | N51: =C51*E51*H51*M51 -> 14.4
B52: =B42 -> horizontal | C52: =C42 -> 5 | E52: =E51 -> 0.3 | H52: =H51 -> 2 | M52: =M42 -> 3 | N52: =C52*E52*H52*M52 -> 9
N53: =SUM(N51:N52) -> 23.4 | O53: m² | P53: =ROUND((N53),2) -> 23.4
A54: b | B54: Pekerjaan Pembesian Besi Beton 5 D 10
B55: =B51 -> vertikal | C55: =C51 -> 8 | F55: 5 | L55: =10*10*0.006165 -> 0.6165 | M55: =M51 -> 3 | N55: =C55*F55*L55*M55 -> 73.98
B56: =B52 -> horizontal | C56: =C52 -> 5 | F56: =F55 -> 5 | L56: =L55 -> 0.6165 | M56: =M52 -> 3 | N56: =C56*F56*L56*M56 -> 46.2375
N57: =SUM(N55:N56) -> 120.2175 | O57: kg | P57: =ROUND((N57),2) -> 120.22
A58: c | B58: Pekerjaan Pembesian Besi Beton Ø 6 - 100/150
B59: =B55 -> vertikal | C59: =(0.07+0.22)*2 -> 0.58 | F59: =ROUNDDOWN((C55/0.125),0.1) -> 64 | I59: =0.05*2 -> 0.1 | L59: =6*6*0.006165 -> 0.22194 | M59: =M55 -> 3 | N59: =(C59+I59)*F59*L59*M59 -> 28.976486
B60: =B56 -> horizontal | C60: =C59 -> 0.58 | F60: =ROUNDDOWN((C56/0.125),0.1) -> 40 | I60: =I59 -> 0.1 | L60: =L59 -> 0.22194 | M60: =M56 -> 3 | N60: =(C60+I60)*F60*L60*M60 -> 18.110304
N61: =SUM(N59:N60) -> 47.08679 | O61: kg | P61: =ROUND((N61),2) -> 47.09
A62: d | B62: Pekerjaan beton semi mekanis setara fc = 20
B63: =B59 -> vertikal | C63: =C55 -> 8 | D63: 0.15 | E63: 0.3 | M63: =M59 -> 3 | N63: =C63*D63*E63*M63 -> 1.08
B64: =B60 -> horizontal | C64: =C56 -> 5 | D64: =D63 -> 0.15 | E64: =E63 -> 0.3 | M64: =M60 -> 3 | N64: =C64*D64*E64*M64 -> 0.675
N65: =SUM(N63:N64) -> 1.755 | O65: m³ | P65: =ROUND((N65),2) -> 1.76
A66: =A49+1 -> 6 | B66: Pekerjaan Lantai
A67: a | B67: Pekerjaan Urugan Tanah Urug | C67: =C63-(0.2*2) -> 7.6 | D67: =C64-(0.2*2) -> 4.6 | E67: 0.18 | N67: =C67*D67*E67 -> 6.2928 | O67: m³ | P67: =ROUND((N67),2) -> 6.29
A68: b | B68: Pekerjaan Urugan Pasir t = 5 cm | C68: =C67 -> 7.6 | D68: =D67 -> 4.6 | E68: 0.05 | N68: =C68*D68*E68 -> 1.748 | O68: m³ | P68: =ROUND((N68),2) -> 1.75
A69: c | B69: Pekerjaan Rabat Beton t = 7 cm | C69: =C68 -> 7.6 | D69: =D68 -> 4.6 | E69: 0.07 | N69: =C69*D69*E69 -> 2.4472 | O69: m³ | P69: =ROUND((N69),2) -> 2.45
A70: d | B70: Pekerjaan Acian | C70: =C69 -> 7.6 | D70: =D69 -> 4.6 | N70: =C70*D70 -> 34.96 | O70: m² | P70: =ROUND((N70),2) -> 34.96
A71: =A66+1 -> 7 | B71: Pekerjaan Kolom Beton Pedestal 15/15
A72: a | B72: Pekerjaan Kayu Bekesting Kolom | D72: 0.15 | E72: =0.7 -> 0.7 | H72: 4 | M72: =M14 -> 6 | N72: =D72*(E72+K72)*H72*M72 -> 2.52 | O72: m² | P72: =ROUND((N72),2) -> 2.52
A73: b | B73: Pekerjaan Pembesian Besi Beton 6 D 10 | E73: =E72 -> 0.7 | F73: 6 | J73: 0.25 | L73: =10*10*0.006165 -> 0.6165 | M73: =M72 -> 6 | N73: =(E73+J73)*F73*L73*M73 -> 21.0843 | O73: kg | P73: =ROUND((N73),2) -> 21.08
A74: c | B74: Pekerjaan Pembesian Besi Beton Ø 6 - 100/150 | C74: =(0.07)*4 -> 0.28 | F74: =ROUNDDOWN((E73/0.125),0.1) -> 5 | I74: =0.05*2 -> 0.1 | L74: =6*6*0.006165 -> 0.22194 | M74: =M73 -> 6 | N74: =(C74+I74)*F74*L74*M74 -> 2.530116 | O74: kg | P74: =ROUND((N74),2) -> 2.53
A75: d | B75: Pekerjaan beton semi mekanis setara fc = 20 | C75: 0.15 | D75: 0.15 | E75: =E72 -> 0.7 | M75: =M73 -> 6 | N75: =C75*D75*(E75+K75)*M75 -> 0.0945 | O75: m³ | P75: =ROUND((N75),2) -> 0.09
A76: =A71+1 -> 8 | B76: Pekerjaan Kolom Beton 15/15
A77: a | B77: Pekerjaan Kayu Bekesting Kolom | D77: 0.15 | E77: 3 | H77: 4 | M77: 9 | N77: =D77*E77*H77*M77 -> 16.2 | O77: m² | P77: =ROUND((N77),2) -> 16.2
A78: b | B78: Pekerjaan Pembesian Besi Beton 6 D 10 | E78: =E77 -> 3 | F78: 6 | J78: =J73 -> 0.25 | L78: =10*10*0.006165 -> 0.6165 | M78: =M77 -> 9 | N78: =(E78+J78)*F78*L78*M78 -> 108.19575 | O78: kg | P78: =ROUND((N78),2) -> 108.2
A79: c | B79: Pekerjaan Pembesian Besi Beton Ø 6 - 100/150 | C79: =C74 -> 0.28 | F79: =ROUNDDOWN((E78/0.125),0.1) -> 24 | I79: =0.05*2 -> 0.1 | L79: =6*6*0.006165 -> 0.22194 | M79: =M78 -> 9 | N79: =(C79+I79)*F79*L79*M79 -> 18.216835 | O79: kg | P79: =ROUND((N79),2) -> 18.22
A80: d | B80: Pekerjaan beton semi mekanis setara fc = 20 | C80: 0.15 | D80: 0.15 | E80: =E78 -> 3 | M80: =M78 -> 9 | N80: =C80*D80*E80*M80 -> 0.6075 | O80: m³ | P80: =ROUND((N80),2) -> 0.61
A81: =A76+1 -> 9 | B81: Pekerjaan Balok Beton RB-1 15/30
A82: a | B82: Pekerjaan Kayu Bekesting Balok
B83: vertikal | C83: =C63 -> 8 | E83: 0.3 | H83: 2 | M83: 2 | N83: =C83*E83*H83*M83 -> 9.6
C84: =C83 -> 8 | D84: 0.15 | H84: 1 | M84: =M83 -> 2 | N84: =C84*D84*H84*M84 -> 2.4
B85: horizontal | C85: =C64 -> 5 | E85: =E83 -> 0.3 | H85: =H83 -> 2 | M85: =M83 -> 2 | N85: =C85*E85*H85*M85 -> 6
C86: =C85 -> 5 | D86: =D84 -> 0.15 | H86: =H84 -> 1 | M86: =M85 -> 2 | N86: =C86*D86*H86*M86 -> 1.5
N87: =SUM(N83:N86) -> 19.5 | O87: m² | P87: =ROUND((N87),2) -> 19.5
A88: b | B88: Pekerjaan Pembesian Besi Beton 5 D 10
B89: =B83 -> vertikal | C89: =C83 -> 8 | F89: 5 | L89: =10*10*0.006165 -> 0.6165 | M89: =M83 -> 2 | N89: =C89*F89*L89*M89 -> 49.32
B90: =B85 -> horizontal | C90: =C85 -> 5 | F90: =F89 -> 5 | L90: =L89 -> 0.6165 | M90: =M85 -> 2 | N90: =C90*F90*L90*M90 -> 30.825
N91: =SUM(N89:N90) -> 80.145 | O91: kg | P91: =ROUND((N91),2) -> 80.15
A92: c | B92: Pekerjaan Pembesian Besi Beton Ø 6 - 100/150
B93: =B89 -> vertikal | C93: =(0.07+0.22)*2 -> 0.58 | F93: =ROUNDDOWN((C89/0.125),0.1) -> 64 | I93: =0.05*2 -> 0.1 | L93: =6*6*0.006165 -> 0.22194 | M93: =M89 -> 2 | N93: =(C93+I93)*F93*L93*M93 -> 19.317658
B94: =B90 -> horizontal | C94: =C93 -> 0.58 | F94: =ROUNDDOWN((C90/0.125),0.1) -> 40 | I94: =I93 -> 0.1 | L94: =L93 -> 0.22194 | M94: =M90 -> 2 | N94: =(C94+I94)*F94*L94*M94 -> 12.073536
N95: =SUM(N93:N94) -> 31.391194 | O95: kg | P95: =ROUND((N95),2) -> 31.39
A96: d | B96: Pekerjaan beton semi mekanis setara fc = 20
B97: =B93 -> vertikal | C97: =C89 -> 8 | D97: =D84 -> 0.15 | E97: =E83 -> 0.3 | M97: =M93 -> 2 | N97: =C97*D97*E97*M97 -> 0.72
B98: =B94 -> horizontal | C98: =C90 -> 5 | D98: =D97 -> 0.15 | E98: =E97 -> 0.3 | M98: =M94 -> 2 | N98: =C98*D98*E98*M98 -> 0.45
N99: =SUM(N97:N98) -> 1.17 | O99: m³ | P99: =ROUND((N99),2) -> 1.17
A100: =A81+1 -> 10 | B100: Pekerjaan Balok Voute 15/15
A101: a | B101: Pekerjaan Kayu Bekesting Balok | C101: =1/8*4 -> 0.5 | E101: 0.15 | H101: 3 | M101: =M77-1 -> 8 | N101: =C101*E101*H101*M101 -> 1.8 | O101: m² | P101: =ROUND((N101),2) -> 1.8
A102: b | B102: Pekerjaan Pembesian Besi Beton 5 D 10 | C102: =C101+(0.05*2) -> 0.6 | F102: 5 | I102: =0.02*2 -> 0.04 | J102: =0.05*2 -> 0.1 | L102: =10*10*0.006165 -> 0.6165 | M102: =M101 -> 8 | N102: =(C102+I102+J102)*F102*L102*M102 -> 18.2484 | O102: kg | P102: =ROUND((N102),2) -> 18.25
A103: c | B103: Pekerjaan Pembesian Besi Beton Ø 6 - 100/150 | C103: =C74 -> 0.28 | F103: =ROUNDDOWN((C102/0.125),0.1) -> 4 | I103: =0.05*2 -> 0.1 | L103: =6*6*0.006165 -> 0.22194 | M103: =M102 -> 8 | N103: =(C103+I103)*F103*L103*M103 -> 2.6987904 | O103: kg | P103: =ROUND((N103),2) -> 2.7
...

Sheet 11. Vol Bengkel G
A4: PERHITUNGAN TALUD DINDING PENAHAN TANAH
A6: NO | B6: JENIS PEKERJAAN | C6: PANJANG | D6: LEBAR | E6: TINGGI | F6: TEKUKAN | G6: OVERLAP BAWAH | H6: OVERLAP ATAS | I6: BJ | J6: SISI | K6: JUMLAH | L6: UNIT | M6: VOLUME | N6: SAT
A10: VIII | B10: Pekerjaan Bangunan Bengkel
A11: VIII.1 | B11: Pekerjaan Struktural
A12: 1 | B12: Pekerjaan Bouwplank dan Uitzet
C13: =4+2+1 -> 7 | J13: 2 | M13: =C13*J13 -> 14
D14: =3+1 -> 4 | J14: =J13 -> 2 | M14: =D14*J14 -> 8
M15: =SUM(M13:M14) -> 22 | N15: m¹
A16: =A12+1 -> 2 | B16: Pekerjaan Tapak Beton 15x60x60 cm
A17: a | B17: Pekerjaan Galian Tanah s/d 1 m | C17: =0.6+0.1+0.1 -> 0.8 | D17: =C17 -> 0.8 | E17: =0.6+0.15+0.03+0.07 -> 0.85 | L17: 6 | M17: =C17*D17*E17*L17 -> 3.264 | N17: m³
A18: b | B18: Pekerjaan Urugan Pasir t = 7 cm | C18: 0.8 | D18: 0.8 | E18: 0.07 | L18: =L17 -> 6 | M18: =C18*D18*E18*L18 -> 0.2688 | N18: m³
A19: c | B19: Pekerjaan Lantai Kerja t = 3 cm | C19: =C18 -> 0.8 | D19: =D18 -> 0.8 | E19: 0.03 | L19: =L18 -> 6 | M19: =C19*D19*E19*L19 -> 0.1152 | N19: m³
A20: d | B20: Pekerjaan Bekesting Pasangan Batako | C20: =C19 -> 0.8 | E20: =E17-0.6-E18-E19 -> 0.15 | H20: 4 | L20: =L19 -> 6 | M20: =C20*E20*H20*L20 -> 2.88 | N20: m²
A21: e | B21: Pekerjaan Pembesian Besi Beton D10 - 150 | C21: 0.45 | F21: =10*10*0.006165 -> 0.6165 | G21: =0.15*2 -> 0.3 | H21: 4 | K21: =ROUNDUP((C21/0.15),0.5) -> 3 | L21: =L20 -> 6 | M21: =(C21+G21)*F21*H21*K21*L21 -> 33.291 | N21: kg
A22: f | B22: Pekerjaan beton semi mekanis setara fc = 20 | C22: =C17-0.2 -> 0.6 | D22: =D17-0.2 -> 0.6 | E22: =E20 -> 0.15 | L22: =L21 -> 6 | M22: =C22*D22*E22*L22 -> 0.324 | N22: m³
A23: g | B23: Pekerjaan Cerucuk Kayu Dolken Ø 6 - 8 cm | E23: 4 | K23: 4 | L23: =L22 -> 6 | M23: =E23*K23*L23 -> 96 | N23: m¹
A24: =A16+1 -> 3 | B24: Pekerjaan Pondasi Pas. Batu Belah
A25: a | B25: Pekerjaan Galian Tanah sampai dengan 1 m
B26: Horisontal | C26: 3 | D26: 0.6 | E26: =0.6+0.07 -> 0.67 | L26: 3 | M26: =C26*D26*E26*L26 -> 3.618
B27: Vertikal | C27: =4+2 -> 6 | D27: =D26 -> 0.6 | E27: =E26 -> 0.67 | L27: 2 | M27: =C27*D27*E27*L27 -> 4.824
M28: =SUM(M26:M27) -> 8.442 | N28: m³
A29: b | B29: Pekerjaan Pancang Cerucuk Dolken | E29: 4 | J29: 2 | K29: =M32/0.5 -> 42 | M29: =E29*J29*K29 -> 336 | N29: m¹ | P29: per jarak 50 cm
B30: Panjang Galian | C30: =C26 -> 3 | L30: =L26 -> 3 | M30: =C30*L30 -> 9
C31: =C27 -> 6 | L31: =L27 -> 2 | M31: =C31*L31 -> 12
M32: =SUM(M30:M31) -> 21 | N32: m¹
A33: c | B33: Pekerjaan Pasir Urug t = 7 cm
B34: =B26 -> Horisontal | C34: =C26 -> 3 | D34: =D26 -> 0.6 | E34: 0.07 | L34: =L26 -> 3 | M34: =C34*D34*E34*L34 -> 0.378
B35: =B27 -> Vertikal | C35: =C27 -> 6 | D35: =D27 -> 0.6 | E35: =E34 -> 0.07 | L35: =L27 -> 2 | M35: =C35*D35*E35*L35 -> 0.504
M36: =SUM(M34:M35) -> 0.882 | N36: m³
A37: d | B37: Pekerjaan Lantai Kerja t = 3 cm
B38: =B34 -> Horisontal | C38: =C26 -> 3 | D38: =D26 -> 0.6 | E38: 0 | L38: =L26 -> 3 | M38: =C38*D38*E38*L38 -> 0
B39: =B35 -> Vertikal | C39: =C27 -> 6 | D39: =D38 -> 0.6 | E39: 0 | L39: =L27 -> 2 | M39: =C39*D39*E39*L39 -> 0
M40: =SUM(M38:M39) -> 0 | N40: m³
A41: d | B41: Pekerjaan Pondasi Batu Belah
B42: =B38 -> Horisontal | C42: =C38 -> 3 | D42: =(0.2+D38)/2 -> 0.4 | E42: =E26-E34 -> 0.6 | L42: =L38 -> 3 | M42: =C42*D42*E42*L42 -> 2.16
B43: =B39 -> Vertikal | C43: =C39 -> 6 | D43: =D42 -> 0.4 | E43: =E42 -> 0.6 | L43: =L39 -> 2 | M43: =C43*D43*E43*L43 -> 2.88
M44: =SUM(M42:M43) -> 5.04 | N44: m³
A45: =A24+1 -> 4 | B45: Pekerjaan Angkur Sloof D13 ke Pondasi Batu Kali
B46: Panjang Sloof | C46: =C42 -> 3 | L46: =L42 -> 3 | M46: =C46*L46 -> 9
C47: =C43 -> 6 | L47: =L43 -> 2 | M47: =C47*L47 -> 12
M48: =SUM(M46:M47) -> 21 | N48: m¹
B49: Jumlah Batang | C49: =M48 -> 21 | D49: 1 | M49: =ROUNDDOWN((C49/D49),0.5) -> 21 | N49: bh
B50: dalam KG | C50: 0.5 | F50: =M49 -> 21 | K50: =13*13*0.006165 -> 1.041885 | M50: =F50*K50*C50 -> 10.939792 | N50: kg
A51: =A45+1 -> 5 | B51: Pekerjaan Trap Tangga Teras
A52: a | B52: Pekerjaan Galian Tanah
B53: trap 1 | C53: =3+(0.3*2) -> 3.6 | D53: 0.12 | E53: 0.2 | M53: =C53*D53*E53 -> 0.0864
B54: trap 2 | C54: =C53 -> 3.6 | D54: =D53 -> 0.12 | E54: =E53 -> 0.2 | M54: =C54*D54*E54 -> 0.0864
M55: =SUM(M53:M54) -> 0.1728 | N55: m³
A56: b | B56: Pekerjaan Pondasi Rolaag Bata Merah
B57: =B53 -> trap 1 | C57: =C53 -> 3.6 | E57: =0.1+E53 -> 0.3 | J57: 1 | M57: =C57*E57*J57 -> 1.08
B58: =B54 -> trap 2 | C58: =C54 -> 3.6 | E58: =0.25+E54 -> 0.45 | J58: =J57 -> 1 | M58: =C58*E58*J58 -> 1.62
M59: =SUM(M57:M58) -> 2.7 | N59: m²
A60: c | B60: Pekerjaan Urugan Tanah
B61: =B57 -> trap 1 | C61: 3 | D61: 0.3 | E61: 0 | J61: 1 | M61: =C61*D61*E61*J61 -> 0
B62: =B58 -> trap 2 | C62: =C61 -> 3 | D62: =D61 -> 0.3 | E62: 0.1 | J62: =J61 -> 1 | M62: =C62*D62*E62*J62 -> 0.09
M63: =SUM(M61:M62) -> 0.09 | N63: m³
A64: d | B64: Pekerjaan Urugan Pasir t = 3 cm
B65: =B61 -> trap 1 | C65: 3 | D65: 0.3 | E65: 0.03 | J65: 1 | M65: =C65*D65*E65*J65 -> 0.027
B66: =B62 -> trap 2 | C66: =C65 -> 3 | D66: =D65 -> 0.3 | E66: =E65 -> 0.03 | J66: =J65 -> 1 | M66: =C66*D66*E66*J66 -> 0.027
M67: =SUM(M65:M66) -> 0.054 | N67: m³
A68: e | B68: Pekerjaan Rabat Beton t = 7 cm
B69: =B65 -> trap 1 | C69: 3 | D69: 0.3 | E69: 0.07 | J69: 1 | M69: =C69*D69*E69*J69 -> 0.063
B70: =B66 -> trap 2 | C70: =C69 -> 3 | D70: =D69 -> 0.3 | E70: =E69 -> 0.07 | J70: =J69 -> 1 | M70: =C70*D70*E70*J70 -> 0.063
M71: =SUM(M69:M70) -> 0.126 | N71: m³
A72: g | B72: Pekerjaan Plesteran Dinding Samping Trap
B73: pinggir trap tangga teras | D73: 0.3 | E73: 0.1 | J73: 2 | M73: =D73*E73*J73 -> 0.06
C74: 3 | E74: 0.1 | J74: 1 | M74: =C74*E74*J74 -> 0.3
C75: =C74 -> 3 | E75: 0.2 | J75: 1 | M75: =C75*E75*J75 -> 0.6
D76: =D73 -> 0.3 | E76: 0.2 | J76: =J73 -> 2 | M76: =D76*E76*J76 -> 0.12
M77: =SUM(M73:M76) -> 1.08 | N77: m²
A78: h | B78: Pekerjaan Acian
B79: Vol plesetran | M79: =M77 -> 1.08
B80: Luas Rabat
B81: =B69 -> trap 1 | C81: =C69 -> 3 | D81: =D69 -> 0.3 | J81: =J69 -> 1 | M81: =C81*D81*J81 -> 0.9
B82: =B70 -> trap 2 | C82: =C70 -> 3 | D82: =D70 -> 0.3 | J82: =J70 -> 1 | M82: =C82*D82*J82 -> 0.9
M83: =SUM(M79:M82) -> 2.88 | N83: m²
A84: =A51+1 -> 6 | B84: Pekerjaan Sloof Beton 15/30
A85: a | B85: Pekerjaan Kayu Bekesting 3 kali pakai
B86: Horisontal | C86: =C42 -> 3 | E86: 0.3 | J86: 2 | L86: 3 | M86: =C86*E86*J86*L86 -> 5.4
B87: Vertikal | C87: =C43 -> 6 | E87: =E86 -> 0.3 | J87: =J86 -> 2 | L87: 2 | M87: =C87*E87*J87*L87 -> 7.2
M88: =SUM(M86:M87) -> 12.6 | N88: m²
A89: b | B89: Pekerjaan Pembesian Besi Beton 5 D 10 mm
B90: =B86 -> Horisontal | C90: =C86 -> 3 | I90: =10*10*0.006165 -> 0.6165 | K90: 5 | L90: =L86 -> 3 | M90: =C90*I90*K90*L90 -> 27.7425
B91: =B87 -> Vertikal | C91: =C87 -> 6 | I91: =I90 -> 0.6165 | K91: =K90 -> 5 | L91: =L87 -> 2 | M91: =C91*I91*K91*L91 -> 36.99
M92: =SUM(M90:M91) -> 64.7325 | N92: kg
A93: c | B93: Pekerjaan Pembesian Besi Beton Ø 6 mm - 100/150
B94: =B90 -> Horisontal | C94: =(0.07+0.22)*2 -> 0.58 | F94: =0.05*2 -> 0.1 | I94: =6*6*0.006165 -> 0.22194 | K94: =ROUNDUP((C90/0.125),0.5) -> 24 | L94: =L90 -> 3 | M94: =(C94+F94)*I94*K94*L94 -> 10.866182
B95: =B91 -> Vertikal | C95: =C94 -> 0.58 | F95: =F94 -> 0.1 | I95: =I94 -> 0.22194 | K95: =ROUNDUP((C91/0.125),0.5) -> 48 | L95: =L91 -> 2 | M95: =(C95+F95)*I95*K95*L95 -> 14.488243
M96: =SUM(M94:M95) -> 25.354426 | N96: kg
A97: d | B97: Pekerjaan Beton Site Mix setara fc = 20
B98: =B94 -> Horisontal | C98: =C90 -> 3 | D98: 0.15 | E98: 0.3 | L98: =L94 -> 3 | M98: =C98*D98*E98*L98 -> 0.405
B99: =B95 -> Vertikal | C99: =C91 -> 6 | D99: =D98 -> 0.15 | E99: =E98 -> 0.3 | L99: =L95 -> 2 | M99: =C99*D99*E99*L99 -> 0.54
M100: =SUM(M98:M99) -> 0.945 | N100: m³
A101: =A84+1 -> 7 | B101: Pekerjaan Kolom Beton Pedestal 15/15
A102: a | B102: Pekerjaan Bekesting Kolom 2 kali pakai | D102: 0.15 | E102: 0.7 | J102: 4 | L102: =L17 -> 6 | M102: =D102*E102*J102*L102 -> 2.52 | N102: m²
A103: b | B103: Pekerjaan Pembesian Besi Beton 6 D 10 mm | E103: =E102 -> 0.7 | G103: 0.25 | I103: =10*10*0.006165 -> 0.6165 | K103: 6 | L103: =L102 -> 6 | M103: =(E103+G103)*I103*K103*L103 -> 21.0843 | N103: kg
A104: c | B104: Pekerjaan Pembesian Besi Beton Ø 6 mm - 100/150 | C104: =0.07*4 -> 0.28 | F104: 0.1 | I104: =6*6*0.006165 -> 0.22194 | K104: =ROUNDDOWN((E103/0.125),0.1) -> 5 | L104: =L103 -> 6 | M104: =(C104+F104)*I104*K104*L104 -> 2.530116 | N104: kg
A105: d | B105: Pekerjaan beton semi mekanis setara fc = 20 | C105: 0.15 | D105: 0.15 | E105: =E103 -> 0.7 | L105: =L104 -> 6 | M105: =C105*D105*E105 -> 0.01575 | N105: m³
A106: =A101+1 -> 8 | B106: Pekerjaan Kolom Beton 15/15
A107: a | B107: Pekerjaan Bekesting Kolom 2 kali pakai | D107: =D102 -> 0.15 | E107: 3 | J107: 4 | L107: 4 | M107: =D107*E107*J107*L107 -> 7.2 | N107: m²
...

Sheet 10. Vol Kantor 6x6
A4: PERHITUNGAN TALUD DINDING PENAHAN TANAH
A6: NO | B6: JENIS PEKERJAAN | C6: PANJANG | D6: LEBAR | E6: TINGGI | F6: TEKUKAN | G6: SISI | H6: JUMLAH | I6: OVERLAP | K6: BJ | L6: UNIT | M6: VOLUME | N6: SAT | O6: PEMBULATAN
I7: BAWAH | J7: ATAS
A10: V | B10: Pembangunan Fasilitas Penunjang
A11: V.4 | B11: Pekerjaan Bangunan Kantor
A12: V.4.1 | B12: Pekerjaan Struktural
A13: 1 | B13: Pekerjaan Bouwplank dan Uitzet | C13: =6+1 -> 7 | D13: =6+1 -> 7 | H13: 2 | M13: =(C13+D13)*H13 -> 28 | N13: m¹ | O13: =ROUND((M13),2) -> 28
A14: =A13+1 -> 2 | B14: Pekerjaan Tapak Beton 30x80x80 cm
A15: a | B15: Pekerjaan Galian Tanah s/d 1 m | C15: =0.8+0.1+0.1 -> 1 | D15: =C15 -> 1 | E15: =0.8+0.3+0.03+0.07 -> 1.2 | L15: 12 | M15: =C15*D15*E15*L15 -> 14.4 | N15: m³ | O15: =ROUND((M15),2) -> 14.4
A16: b | B16: Pekerjaan Urugan Pasir t = 7 cm | C16: =C15 -> 1 | D16: =D15 -> 1 | E16: 0.07 | L16: =L15 -> 12 | M16: =C16*D16*E16*L16 -> 0.84 | N16: m³ | O16: =ROUND((M16),2) -> 0.84
A17: c | B17: Pekerjaan Lantai Kerja t = 3 cm | C17: =C16 -> 1 | D17: =D16 -> 1 | E17: 0.03 | L17: =L16 -> 12 | M17: =C17*D17*E17*L17 -> 0.36 | N17: m³ | O17: =ROUND((M17),2) -> 0.36
A18: d | B18: Pekerjaan Bekesting Pasangan Batako | C18: =C17 -> 1 | E18: =E15-0.8-E16-E17 -> 0.3 | H18: 4 | L18: =L17 -> 12 | M18: =C18*E18*H18*L18 -> 14.4 | N18: m² | O18: =ROUND((M18),2) -> 14.4
A19: e | B19: Pekerjaan Pembesian Besi Beton D10 - 150 | C19: 0.45 | F19: =10*10*0.006165 -> 0.6165 | G19: =0.15*2 -> 0.3 | H19: 4 | K19: =ROUNDUP((C19/0.15),0.5) -> 3 | L19: =L18 -> 12 | M19: =(C19+G19)*F19*H19*K19*L19 -> 66.582 | N19: kg | O19: =ROUND((M19),2) -> 66.58
A20: f | B20: Pekerjaan beton semi mekanis setara fc = 20 | C20: =C15-0.2 -> 0.8 | D20: =D15-0.2 -> 0.8 | E20: =E18 -> 0.3 | L20: =L19 -> 12 | M20: =C20*D20*E20*L20 -> 2.304 | N20: m³ | O20: =ROUND((M20),2) -> 2.3
A21: g | B21: Pekerjaan Cerucuk Kayu Dolken Ø 6 - 8 cm | E21: 4 | K21: 5 | L21: =L20 -> 12 | M21: =E21*K21*L21 -> 240 | N21: m¹ | O21: =ROUND((M21),2) -> 240
A22: =A14+1 -> 3 | B22: Pekerjaan Pondasi Pas. Batu Belah | O22: =ROUND((M22),2) -> 0
A23: a | B23: Pekerjaan Galian Tanah sampai dengan 1 m | M23: =SUM(M24:M27) -> 28.188 | N23: m³ | O23: =ROUND((M23),2) -> 28.19
B24: Horisontal | C24: 6 | D24: 0.8 | E24: =0.8+0.07 -> 0.87 | L24: 3 | M24: =C24*D24*E24*L24 -> 12.528
C25: 3 | D25: =D24 -> 0.8 | E25: =E24 -> 0.87 | L25: 1 | M25: =C25*D25*E25*L25 -> 2.088
B26: Vertikal | C26: =D13-1 -> 6 | D26: =D25 -> 0.8 | E26: =E24 -> 0.87 | L26: 3 | M26: =C26*D26*E26*L26 -> 12.528
C27: 1.5 | D27: =D26 -> 0.8 | E27: =E26 -> 0.87 | L27: 1 | M27: =C27*D27*E27*L27 -> 1.044
A28: b | B28: Pekerjaan Pancang Cerucuk Dolken
C29: =C24 -> 6 | L29: =L24 -> 3 | M29: =C29*L29 -> 18
C30: =C25 -> 3 | L30: =L25 -> 1 | M30: =C30*L30 -> 3
C31: =C26 -> 6 | L31: =L26 -> 3 | M31: =C31*L31 -> 18
C32: =C27 -> 1.5 | L32: =L27 -> 1 | M32: =C32*L32 -> 1.5
M33: =SUM(M29:M32) -> 40.5
B34: Panjang Pondasi / 50 cm | E34: 4 | G34: 2 | H34: =M33/0.5 -> 81 | M34: =E34*G34*H34 -> 648 | N34: m¹ | O34: =ROUND((M34),2) -> 648
A35: c | B35: Pekerjaan Pasir Urug t = 7 cm | M35: =SUM(M36:M39) -> 2.268 | N35: m³ | O35: =ROUND((M35),2) -> 2.27
