Workbook

Sheet Resume
A1: RENCANA ANGGARAN BIAYA – RESUME
A2: Lokasi: Pesisir · Paket: KNMP Situbondo · CV. Tosan
A3: Kontrak: B.17114/DJPT.6/PI.420/PPK/VI/2026 · RAB revisi aktif #1
A5: No | B5: Uraian Pekerjaan | C5: Jumlah Harga (Rp)
A6: I | B6: PEKERJAAN PERSIAPAN | C6: ='Sub Resume'!C22 -> 460697021
A7: II | B7: PEKERJAAN REVETMENT | C7: ='Sub Resume'!C32 -> 307935896
A8: V | B8: PEKERJAAN BANGUNAN SHELTER PENDARATAN IKAN | C8: ='Sub Resume'!C38 -> 229436307
A9: VI | B9: PEKERJAAN PONDASI GUDANG BEKU PORTABLE | C9: ='Sub Resume'!C42 -> 221281232
A10: VII | B10: PEKERJAAN PONDASI PABRIK ES PORTABLE | C10: ='Sub Resume'!C47 -> 156432356
A11: VIII | B11: PEKERJAAN AREA PARKIR | C11: ='Sub Resume'!C57 -> 263859953
A12: IX | B12: PEKERJAAN BANGUNAN KIOS PERBEKALAN | C12: ='Sub Resume'!C63 -> 138972135
A13: X | B13: PEKERJAAN BANGUNAN KANTOR PENGELOLA | C13: ='Sub Resume'!C68 -> 302274828
A14: XI | B14: PEKERJAAN BANGUNAN TANGKI AIR DAN SUMUR BOR | C14: ='Sub Resume'!C76 -> 454593106
A15: XII | B15: PEKERJAAN PENERANGAN KAWASAN | C15: ='Sub Resume'!C81 -> 312598200
A16: XIII | B16: PEKERJAAN BANGUNAN GENSET | C16: ='Sub Resume'!C86 -> 187049986
A17: XIV | B17: PEKERJAAN JALAN LINGKUNGAN DAN SALURAN | C17: ='Sub Resume'!C92 -> 207900525
A18: XV | B18: PEKERJAAN LANDSKAPING KAWASAN | C18: ='Sub Resume'!C100 -> 10495186
A19: XVI | B19: PEKERJAAN LEVELLING LAHAN | C19: ='Sub Resume'!C105 -> 115569525
A20: XVII | B20: PEKERJAAN BANGUNAN DOCKING KAPAL | C20: ='Sub Resume'!C111 -> 318286865
A21: XVIII | B21: PEKERJAAN BANGUNAN IPAL BIOTECH | C21: ='Sub Resume'!C122 -> 35886105
B22: JUMLAH | C22: =C6+C7+C8+C9+C10+C11+C12+C13+C14+C15+C16+C17+C18+C19+C20+C21 -> 3723269226
B23: PPN 11% | C23: =ROUND(C22*11%,0) -> 409559615
B24: JUMLAH TOTAL | C24: =C22+C23 -> 4132828841
B25: DIBULATKAN | C25: =ROUNDDOWN(C24,-3) -> 4132828000

Sheet Sub Resume
A1: RENCANA ANGGARAN BIAYA – SUB RESUME
A2: Lokasi: Pesisir · Paket: KNMP Situbondo · CV. Tosan
A3: Kontrak: B.17114/DJPT.6/PI.420/PPK/VI/2026 · RAB revisi aktif #1
A5: Kode | B5: Uraian | C5: Jumlah Harga (Rp)
A6: I | B6: PEKERJAAN PERSIAPAN
A7: 1 | B7: Buat Bedeng Pekerja Dan Gudang | C7: ='Detail RAB'!F7 -> 63000000
A8: 2 | B8: Pekerjaan Sewa Rumah untuk Direksi Keetz | C8: ='Detail RAB'!F8 -> 14100000
A9: 3 | B9: Papan Nama Proyek | C9: ='Detail RAB'!F9 -> 1985634
A10: 4 | B10: Listrik Kerja | C10: ='Detail RAB'!F10 -> 4980000
A11: 5 | B11: Pekerjaan Pagar Sementara | C11: ='Detail RAB'!F11 -> 55500000
A12: 6 | B12: Pekerjaan Pengadaan SMK3K | C12: ='Detail RAB'!F12 -> 88974411
A13: 7 | B13: Pekerjaan Pembersihan Lokasi dari Pohon dan Rumput (Land Clearing) | C13: ='Detail RAB'!F44 -> 9900200
A14: 8 | B14: Pekerjaan Stake Out Posisi Trase Saluran/Infrastruktur | C14: ='Detail RAB'!F45 -> 5034000
A15: 9 | B15: Pekerjaan Sondir termasuk Pelaporan termasuk mobilisasi Alat dan Personil | C15: ='Detail RAB'!F46 -> 33300000
A16: 10 | B16: Mobilisasi dan Demobilisasi | C16: ='Detail RAB'!F47 -> 55378468
A17: 11 | B17: Pekerjaan Sambungan Daya Baru Gudang Beku | C17: ='Detail RAB'!F55 -> 48144573
A18: 12 | B18: Pekerjaan Sambungan Daya Baru Pabrik Es | C18: ='Detail RAB'!F58 -> 25060267
A19: 13 | B19: Pekerjaan Sambungan Daya Baru Kawasan | C19: ='Detail RAB'!F61 -> 16449468
A20: 14 | B20: Pekerjaan Panel Distribusi Kawasan, LVMDP/PDTR 25KVA, termasuk pengiriman dan instalasi | C20: ='Detail RAB'!F64 -> 17890000
A21: 15 | B21: Pekerjaan Pengadaan Tempat Sampah Portable 1100 L ex. Krisbow + Pengiriman | C21: ='Detail RAB'!F65 -> 21000000
B22: JUMLAH I – PEKERJAAN PERSIAPAN | C22: =C7+C8+C9+C10+C11+C12+C13+C14+C15+C16+C17+C18+C19+C20+C21 -> 460697021
A24: II | B24: PEKERJAAN REVETMENT
A25: 1 | B25: Pekerjaan Pondasi | C25: ='Detail RAB'!F67 -> 114379316
A26: 2 | B26: Pekerjaan Trap Tangga Beton lebar 60 cm | C26: ='Detail RAB'!F71 -> 45800313
A27: 3 | B27: Pekerjaan Trap Tangga Beton lebar 30 cm | C27: ='Detail RAB'!F76 -> 3358058
A28: 4 | B28: Pekerjaan Dinding Beton Penutup Trap t = 20 cm | C28: ='Detail RAB'!F83 -> 10255955
A29: 5 | B29: Pekerjaan Pondasi Tapak (untuk ddg Landing Stair) | C29: ='Detail RAB'!F88 -> 9664197
A30: 6 | B30: Pekerjaan Tapak Beton Menerus 30 x 200 cm | C30: ='Detail RAB'!F93 -> 46003576
A31: 7 | B31: Pekerjaan Dinding Beton t = 20 cm | C31: ='Detail RAB'!F101 -> 78474481
B32: JUMLAH II – PEKERJAAN REVETMENT | C32: =C25+C26+C27+C28+C29+C30+C31 -> 307935896
A34: V | B34: PEKERJAAN BANGUNAN SHELTER PENDARATAN IKAN
A35: V.1 | B35: Pekerjaan Struktural | C35: ='Detail RAB'!F108 -> 87667627
A36: V.2 | B36: Pekerjaan Arsitektural | C36: ='Detail RAB'!F171 -> 127415915
A37: V.3 | B37: Pekerjaan Elektrikal | C37: ='Detail RAB'!F198 -> 14352765
B38: JUMLAH V – PEKERJAAN BANGUNAN SHELTER PENDARATAN IKAN | C38: =C35+C36+C37 -> 229436307
A40: VI | B40: PEKERJAAN PONDASI GUDANG BEKU PORTABLE
A41: VI.1 | B41: Pekerjaan Struktural Pondasi | C41: ='Detail RAB'!F206 -> 221281232
B42: JUMLAH VI – PEKERJAAN PONDASI GUDANG BEKU PORTABLE | C42: =C41 -> 221281232
A44: VII | B44: PEKERJAAN PONDASI PABRIK ES PORTABLE
A45: VII.1 | B45: Pekerjaan Struktural Pondasi | C45: ='Detail RAB'!F256 -> 115041813
A46: VII.2 | B46: Pekerjaan Struktural Ground Water Tank Beton | C46: ='Detail RAB'!F294 -> 41390543
B47: JUMLAH VII – PEKERJAAN PONDASI PABRIK ES PORTABLE | C47: =C45+C46 -> 156432356
A49: VIII | B49: PEKERJAAN AREA PARKIR
A50: 1 | B50: Pekerjaan Urugan Makadam t = 20 cm | C50: ='Detail RAB'!F332 -> 50710813
A51: 2 | B51: Pekerjaan Pemadatan Makadam | C51: ='Detail RAB'!F333 -> 7472222
A52: 3 | B52: Pekerjaan Urugan Sirtu t = 10 cm | C52: ='Detail RAB'!F334 -> 13233884
A53: 4 | B53: Pekerjaan Pemadatan Sirtu | C53: ='Detail RAB'!F335 -> 3736111
A54: 5 | B54: Pekerjaan Urugan Pasir t = 5 cm | C54: ='Detail RAB'!F336 -> 12006923
A55: 6 | B55: Pekerjaan Lantai Paving Block t = 6 cm | C55: ='Detail RAB'!F337 -> 139000000
A56: 7 | B56: Pekerjaan Kanstin 15.25.40 | C56: ='Detail RAB'!F338 -> 37700000
B57: JUMLAH VIII – PEKERJAAN AREA PARKIR | C57: =C50+C51+C52+C53+C54+C55+C56 -> 263859953
A59: IX | B59: PEKERJAAN BANGUNAN KIOS PERBEKALAN
A60: IX.1 | B60: Pekerjaan Struktural | C60: ='Detail RAB'!F340 -> 37065740
A61: IX.2 | B61: Pekerjaan Arsitektural | C61: ='Detail RAB'!F409 -> 71321201
A62: IX.3 | B62: Pekerjaan Mekanikal Elektrikal | C62: ='Detail RAB'!F450 -> 30585194
B63: JUMLAH IX – PEKERJAAN BANGUNAN KIOS PERBEKALAN | C63: =C60+C61+C62 -> 138972135
A65: X | B65: PEKERJAAN BANGUNAN KANTOR PENGELOLA
A66: X.1 | B66: Pekerjaan Struktural | C66: ='Detail RAB'!F489 -> 93784616
A67: X.2 | B67: Pekerjaan Arsitektural Dan ME | C67: ='Detail RAB'!F558 -> 208490212
B68: JUMLAH X – PEKERJAAN BANGUNAN KANTOR PENGELOLA | C68: =C66+C67 -> 302274828
A70: XI | B70: PEKERJAAN BANGUNAN TANGKI AIR DAN SUMUR BOR
A71: XI.1 | B71: Pekerjaan Struktural | C71: ='Detail RAB'!F645 -> 75375931
A72: XI.2 | B72: Pekerjaan Tangki FRP 18 m³ Dan Plumbing | C72: ='Detail RAB'!F700 -> 108193261
A73: XI.3 | B73: Pekerjaan Deep Well | C73: ='Detail RAB'!F729 -> 0
A74: XI.3.1 | B74: Pekerjaan Pengeboran | C74: ='Detail RAB'!F730 -> 183122412
A75: XI.3.2 | B75: Pekerjaan Pengadaan Dan Material | C75: ='Detail RAB'!F750 -> 87901502
B76: JUMLAH XI – PEKERJAAN BANGUNAN TANGKI AIR DAN SUMUR BOR | C76: =C71+C72+C73+C74+C75 -> 454593106
A78: XII | B78: PEKERJAAN PENERANGAN KAWASAN
A79: XII.1 | B79: Pekerjaan Penerangan Tiang T = 7 m Dan T = 4 m | C79: ='Detail RAB'!F758 -> 110142311
A80: XII.2 | B80: Pekerjaan Elektrikal | C80: ='Detail RAB'!F774 -> 202455889
B81: JUMLAH XII – PEKERJAAN PENERANGAN KAWASAN | C81: =C79+C80 -> 312598200
A83: XIII | B83: PEKERJAAN BANGUNAN GENSET
A84: XIII.1 | B84: Pekerjaan Struktural | C84: ='Detail RAB'!F786 -> 78227212
A85: XIII.2 | B85: Pekerjaan Arsitektural Dan Eletrikal | C85: ='Detail RAB'!F880 -> 108822774
B86: JUMLAH XIII – PEKERJAAN BANGUNAN GENSET | C86: =C84+C85 -> 187049986
A88: XIV | B88: PEKERJAAN JALAN LINGKUNGAN DAN SALURAN
A89: XIV.1 | B89: Pekerjaan Saluran Batu Belah Kawasan | C89: ='Detail RAB'!F905 -> 127225502
A90: XIV.2 | B90: Pekerjaan Jalan Beton Kawasan | C90: ='Detail RAB'!F932 -> 11082555
A91: XIV.3 | B91: Pekerjaan Pedestrian Kawasan | C91: ='Detail RAB'!F951 -> 69592468
B92: JUMLAH XIV – PEKERJAAN JALAN LINGKUNGAN DAN SALURAN | C92: =C89+C90+C91 -> 207900525
A94: XV | B94: PEKERJAAN LANDSKAPING KAWASAN
A95: 1 | B95: Pekerjaan Penanaman Rumput Gajah Mini | C95: ='Detail RAB'!F960 -> 4426736
A96: 2 | B96: Penanaman 1 Buah Pohon Sedang Mangga (Mangifera indica), Diameter 6-8 cm, Tinggi 2-3 meter, Polybag 50 L | C96: ='Detail RAB'!F961 -> 1665880
A97: 3 | B97: Penanaman 1 Buah Pohon Sedang Alpukat (Persea Americana), Diameter 6-8 cm, Tinggi 2-3 meter, Polybag 50 L | C97: ='Detail RAB'!F962 -> 1402685
A98: 4 | B98: Penanaman 1 Buah Pohon Sedang Rambutan (Nephelium lappaceum), Diameter 6-8 cm, Tinggi 2-3 meter, Polybag 50 L | C98: ='Detail RAB'!F963 -> 1427218
A99: 5 | B99: Penanaman 1 Buah Pohon Sedang Lengkeng (Dimocarpus longan), Diameter 6-8 cm, Tinggi 2-3 meter, Polybag 50 L | C99: ='Detail RAB'!F964 -> 1572667
B100: JUMLAH XV – PEKERJAAN LANDSKAPING KAWASAN | C100: =C95+C96+C97+C98+C99 -> 10495186
A102: XVI | B102: PEKERJAAN LEVELLING LAHAN
A103: 1 | B103: Pekerjaan Urugan Tanah mendatangkan | C103: ='Detail RAB'!F966 -> 51120054
A104: 2 | B104: Pek. Pemadatan Tanah Urug dengan alat berat tiap 20 cm | C104: ='Detail RAB'!F967 -> 64449471
B105: JUMLAH XVI – PEKERJAAN LEVELLING LAHAN | C105: =C103+C104 -> 115569525
A107: XVII | B107: PEKERJAAN BANGUNAN DOCKING KAPAL
A108: XVII.1 | B108: Pekerjaan Struktural | C108: ='Detail RAB'!F969 -> 145211050
A109: XVII.2 | B109: Pekerjaan Arsitektural | C109: ='Detail RAB'!F1059 -> 155623758
A110: XVII.3 | B110: Pekerjaan Elektrikal | C110: ='Detail RAB'!F1082 -> 17452057
B111: JUMLAH XVII – PEKERJAAN BANGUNAN DOCKING KAPAL | C111: =C108+C109+C110 -> 318286865
A113: XVIII | B113: PEKERJAAN BANGUNAN IPAL BIOTECH
A114: 1 | B114: Pekerjaan Bouwplank dan Uitzet | C114: ='Detail RAB'!F1090 -> 1627897
A115: 2 | B115: Pekerjaan Galian Tanah Keras sampai dengan 2 m | C115: ='Detail RAB'!F1091 -> 1038808
A116: 3 | B116: Pekerjaan Buang Tanah bekas Galian | C116: ='Detail RAB'!F1092 -> 279761
...

Sheet Detail RAB
A1: RENCANA ANGGARAN BIAYA – DETAIL
A2: Lokasi: Pesisir · Paket: KNMP Situbondo · CV. Tosan
A3: Kontrak: B.17114/DJPT.6/PI.420/PPK/VI/2026 · RAB revisi aktif #1
A5: Kode | B5: Uraian Pekerjaan | C5: Volume | D5: Sat | E5: Harga Satuan (Rp) | F5: Jumlah (Rp)
A6: I | B6: PEKERJAAN PERSIAPAN | F6: =F7+F8+F9+F10+F11+F12+F44+F45+F46+F47+F55+F58+F61+F64+F65 -> 460697021
A7: 1 | B7: Buat Bedeng Pekerja Dan Gudang | C7: 50 | D7: m² | E7: 1260000 | F7: 63000000
A8: 2 | B8: Pekerjaan Sewa Rumah untuk Direksi Keetz | C8: 6 | D8: bln | E8: 2350000 | F8: 14100000
A9: 3 | B9: Papan Nama Proyek | C9: 1 | D9: bh | E9: 1985634.6 | F9: 1985634
A10: 4 | B10: Listrik Kerja | C10: 6 | D10: bln | E10: 830000 | F10: 4980000
A11: 5 | B11: Pekerjaan Pagar Sementara | C11: 150 | D11: m¹ | E11: 370000 | F11: 55500000
A12: 6 | B12: Pekerjaan Pengadaan SMK3K | F12: =F13+F16+F19+F21+F27+F29+F31+F33+F38 -> 88974411
A13: 6.1 | B13: Penyiapan RK3K, terdiri atas : | F13: =F14+F15 -> 2471221
A14: 6.1.a | B14: Pembuatan Manual, Prosedur, Instruksi Kerja, Ijin Kerja dan Formulir | C14: 2 | D14: set | E14: 972000 | F14: 1944000
A15: 6.1.b | B15: Pembuatan Kartu Identitas Pekerja (KIP) | C15: 80 | D15: org | E15: 6590.26 | F15: 527221
A16: 6.2 | B16: Sosialisasi dan Promosi K3, terdiri atas : | F16: =F17+F18 -> 1251204
A17: 6.2.a | B17: Induksi K3 (Safety Induction) ; khusus untuk pekerja baru | C17: 80 | D17: org | E17: 7746.23 | F17: 619698
A18: 6.2.b | B18: Pengarahan K3 (Safety Briefing) : | C18: 80 | D18: org | E18: 7893.82 | F18: 631506
A19: 6.3 | B19: Alat Pelindung Kerja, terdiri atas : | F19: =F20 -> 118231
A20: 6.3.a | B20: Pembatas Area (Restricted Area) | C20: 1 | D20: ls | E20: 118230.96 | F20: 118231
A21: 6.4 | B21: Alat Pelindung Diri, terdiri atas : | F21: =F22+F23+F24+F25+F26 -> 19388303
A22: 6.4.a | B22: Topi Pelindung (Safety Helmet) | C22: 80 | D22: bh | E22: 75274.15 | F22: 6021932
A23: 6.4.b | B23: Pelindung Pernapasan dan Mulut (Masker) | C23: 80 | D23: bh | E23: 5268.15 | F23: 421452
A24: 6.4.c | B24: Sarung Tangan (Safety Gloves) | C24: 80 | D24: psg | E24: 5138.25 | F24: 411060
A25: 6.4.d | B25: Sepatu Keselamatan (Rubber Safety Shoes and Toe Cap) | C25: 80 | D25: psg | E25: 130000 | F25: 10400000
A26: 6.4.e | B26: Rompi Keselamatan ( Safety vest) | C26: 80 | D26: bh | E26: 26673.24 | F26: 2133859
A27: 6.5 | B27: Asuransi dan Perijinan, terdiri atas : | F27: =F28 -> 18000000
A28: 6.5.a | B28: BPJS Ketenagakerjaan dan Kesehatan Kerja ; (BERDASARKAN KEPMENAKER NOMOR 44 TAHUN 2015 tentang | C28: 1 | D28: ls | E28: 18000000 | F28: 18000000
A29: 6.6 | B29: Personil K3, terdiri atas : | F29: =F30 -> 36000000
A30: 6.6.a | B30: Petugas K3 | C30: 6 | D30: bln | E30: 6000000 | F30: 36000000
A31: 6.7 | B31: Fasilitas Sarana Kesehatan, terdiri atas : | F31: =F32 -> 5000000
A32: 6.7.1 | B32: Peralatan P3K (Kotak P3K, Tandu, Tabung Oksigen, Obat Luka, Perban, dll) | C32: 1 | D32: ls | E32: 5000000 | F32: 5000000
A33: 6.8 | B33: Rambu-rambu ukuran min. 90x90, terdiri atas : | F33: =F34+F35+F36+F37 -> 1242563
A34: 6.8.a | B34: Rambu Petunjuk | C34: 5 | D34: bh | E34: 70798.25 | F34: 353991
A35: 6.8.b | B35: Rambu Larangan | C35: 2 | D35: bh | E35: 74587.22 | F35: 149174
A36: 6.8.c | B36: Rambu Peringatan | C36: 5 | D36: bh | E36: 74901.01 | F36: 374505
A37: 6.8.d | B37: Rambu Kewajiban | C37: 5 | D37: bh | E37: 72978.5 | F37: 364893
A38: 6.9 | B38: Lain-lain Terkait Pengendalian Resiko K3, terdiri atas : | F38: =F39+F40+F41+F42+F43 -> 5502889
A39: 6.9.a | B39: Alat Pemadam Api Ringan (APAR) ; 3 kg | C39: 2 | D39: bh | E39: 681797.36 | F39: 1363595
A40: 6.9.b | B40: Bendera K3 | C40: 2 | D40: bh | E40: 41466.95 | F40: 82934
A41: 6.9.c | B41: Jalur Evakuasi (Escape Route) | C41: 3 | D41: ls | E41: 511960.33 | F41: 1535881
A42: 6.9.d | B42: Lampu Darurat (Emergency Lamp) | C42: 2 | D42: bh | E42: 74638.88 | F42: 149278
A43: 6.9.e | B43: Pelaporan K3 dan Program Inspeksi | C43: 1 | D43: ls | E43: 2371201.1 | F43: 2371201
A44: 7 | B44: Pekerjaan Pembersihan Lokasi dari Pohon dan Rumput (Land Clearing) | C44: 1678 | D44: m² | E44: 5900 | F44: 9900200
A45: 8 | B45: Pekerjaan Stake Out Posisi Trase Saluran/Infrastruktur | C45: 1678 | D45: m² | E45: 3000 | F45: 5034000
A46: 9 | B46: Pekerjaan Sondir termasuk Pelaporan termasuk mobilisasi Alat dan Personil | C46: 3 | D46: ttk | E46: 11100000 | F46: 33300000
A47: 10 | B47: Mobilisasi dan Demobilisasi | F47: =F48+F49+F50+F51+F52+F53+F54 -> 55378468
A48: 10.a | B48: Bulldozer | C48: 2 | D48: unit | E48: 7158195.5 | F48: 14316391
A49: 10.b | B49: Roller Vibrator 12 Ton | C49: 1 | D49: unit | E49: 7165941.3 | F49: 7165941
A50: 10.c | B50: Excavator | C50: 1 | D50: unit | E50: 6982055.1 | F50: 6982055
A51: 10.d | B51: Concrete Mixer 0,35 m³ | C51: 10 | D51: bh | E51: 1060184.5 | F51: 10601845
A52: 10.e | B52: Concrete Mixer Pump | C52: 1 | D52: unit | E52: 10361561 | F52: 10361561
A53: 10.f | B53: Stamper | C53: 5 | D53: bh | E53: 475894.17 | F53: 2379471
A54: 10.g | B54: Mesin las | C54: 5 | D54: bh | E54: 714240.71 | F54: 3571204
A55: 11 | B55: Pekerjaan Sambungan Daya Baru Gudang Beku | F55: =F56+F57 -> 48144573
A56: 11.a | B56: Pendaftaran NIDI + SLO Daya 41,5 Kva | C56: 1 | D56: ls | E56: 4742985.6 | F56: 4742986
A57: 11.b | B57: Biaya Pasang Baru Daya 41,5 Kva | C57: 1 | D57: ls | E57: 43401587 | F57: 43401587
A58: 12 | B58: Pekerjaan Sambungan Daya Baru Pabrik Es | F58: =F59+F60 -> 25060267
A59: 12.a | B59: Pendaftaran NIDI + SLO Daya 23 Kva | C59: 1 | D59: ls | E59: 2560267.2 | F59: 2560267
A60: 12.b | B60: Biaya Pasang Baru Daya 23 Kva | C60: 1 | D60: ls | E60: 22500000 | F60: 22500000
A61: 13 | B61: Pekerjaan Sambungan Daya Baru Kawasan | F61: =F62+F63 -> 16449468
A62: 13.a | B62: Pendaftaran NIDI + SLO Daya 21 Kva | C62: 1 | D62: ls | E62: 1549467.7 | F62: 1549468
A63: 13.b | B63: Biaya Pasang Baru Daya 21 Kva | C63: 1 | D63: ls | E63: 14900000 | F63: 14900000
A64: 14 | B64: Pekerjaan Panel Distribusi Kawasan, LVMDP/PDTR 25KVA, termasuk pengiriman dan instalasi | C64: 1 | D64: unit | E64: 17890000 | F64: 17890000
A65: 15 | B65: Pekerjaan Pengadaan Tempat Sampah Portable 1100 L ex. Krisbow + Pengiriman | C65: 3 | D65: unit | E65: 7000000 | F65: 21000000
A66: II | B66: PEKERJAAN REVETMENT | F66: =F67+F71+F76+F83+F88+F93+F101 -> 307935896
A67: 1 | B67: Pekerjaan Pondasi | F67: =F68+F69+F70 -> 114379316
A68: 1.a | B68: Pekerjaan Galian Tanah s/d 1 m | C68: 45 | D68: m³ | E68: 56660.36 | F68: 2549716
A69: 1.b | B69: Pekerjaan Batu Kosong (Aanstamping) | C69: 45 | D69: m³ | E69: 500000 | F69: 22500000
A70: 1.c | B70: Pekerjaan Batu Belah 1 : 2 | C70: 99.2 | D70: m³ | E70: 900500 | F70: 89329600
A71: 2 | B71: Pekerjaan Trap Tangga Beton lebar 60 cm | F71: =F72+F73+F74+F75 -> 45800313
A72: 2.a | B72: Pekerjaan Bekesting Tangga | C72: 49.2 | D72: m² | E72: 209675.01 | F72: 10316011
A73: 2.b | B73: Pembesian Besi Beton D13-150 mm secara semi mekanis | C73: 875.18 | D73: kg | E73: 18000 | F73: 15753240
A74: 2.c | B74: Pembesian Besi Beton Ø 10-150 mm | C74: 495.67 | D74: kg | E74: 13176.23 | F74: 6531062
A75: 2.d | B75: Pekerjaan beton semi mekanis setara fc = 25 | C75: 12 | D75: m³ | E75: 1100000 | F75: 13200000
A76: 3 | B76: Pekerjaan Trap Tangga Beton lebar 30 cm | F76: =F77+F78+F79+F80+F81+F82 -> 3358058
A77: 3.a | B77: Pekerjaan Bekesting Tangga | C77: 3 | D77: m² | E77: 209675.01 | F77: 629025
A78: 3.b | B78: Pembesian Besi Beton D13-100 mm secara semi mekanis | C78: 70.85 | D78: kg | E78: 19248.5 | F78: 1363756
A79: 3.c | B79: Pembesian Besi Beton D10-100 mm | C79: 21.58 | D79: kg | E79: 13176.23 | F79: 284343
A80: 3.d | B80: Pekerjaan beton semi mekanis setara fc = 25 | C80: 0.45 | D80: m³ | E80: 1100000 | F80: 495000
A81: 3.e | B81: Pekerjaan Acian | C81: 3.87 | D81: m² | E81: 45520.53 | F81: 176164
A82: 3.f | B82: Pekerjaan Skonengan | C82: 7.5 | D82: m¹ | E82: 54635.94 | F82: 409770
A83: 4 | B83: Pekerjaan Dinding Beton Penutup Trap t = 20 cm | F83: =F84+F85+F86+F87 -> 10255955
A84: 4.a | B84: Pekerjaan Kayu Bekesting Sloof | C84: 11.78 | D84: m² | E84: 246976.42 | F84: 2909382
A85: 4.b | B85: Pembesian Besi Beton D13-150 mm secara semi mekanis | C85: 227.55 | D85: kg | E85: 19248.5 | F85: 4379996
A86: 4.c | B86: Pembesian Besi Beton Ø10-150 mm | C86: 60.66 | D86: kg | E86: 13176.23 | F86: 799270
A87: 4.d | B87: Pekerjaan beton semi mekanis setara fc = 25 | C87: 1.77 | D87: m³ | E87: 1224467 | F87: 2167307
A88: 5 | B88: Pekerjaan Pondasi Tapak (untuk ddg Landing Stair) | F88: =F89+F90+F91+F92 -> 9664197
A89: 5.a | B89: Pekerjaan Cerucuk Kayu Dolken Ø 6 - 8 cm | C89: 176 | D89: m¹ | E89: 26681.29 | F89: 4695907
A90: 5.b | B90: Pekerjaan Kayu Bekesting Pondasi | C90: 7.48 | D90: m² | E90: 232493.59 | F90: 1739052
A91: 5.c | B91: Pembesian Besi Beton D13-150 mm secara semi mekanis | C91: 38.63 | D91: kg | E91: 19248.5 | F91: 743570
A92: 5.d | B92: Pekerjaan beton semi mekanis setara fc = 25 | C92: 2.03 | D92: m³ | E92: 1224467 | F92: 2485668
A93: 6 | B93: Pekerjaan Tapak Beton Menerus 30 x 200 cm | F93: =F94+F95+F96+F97+F98+F99+F100 -> 46003576
A94: 6.a | B94: Pekerjaan Galian Tanah sampai dengan 1 m | C94: 12 | D94: m³ | E94: 56660.36 | F94: 679924
A95: 6.b | B95: Pekerjaan Cerucuk Kayu Dolken Ø 6 - 8 cm | C95: 492 | D95: m¹ | E95: 26681.29 | F95: 13127195
A96: 6.c | B96: Pekerjaan Kayu Bekesting Pondasi | C96: 6.6 | D96: m² | E96: 232493.59 | F96: 1534458
A97: 6.d | B97: Pekerjaan Pembesian Besi Beton D 13 mm - 150 | C97: 642.22 | D97: kg | E97: 19248.5 | F97: 12361772
A98: 6.e | B98: Pekerjaan Pembesian Besi Beton D 10 mm - 150 | C98: 350.42 | D98: kg | E98: 13176.23 | F98: 4617214
A99: 6.f | B99: Pekerjaan beton semi mekanis setara fc = 25 | C99: 12 | D99: m³ | E99: 1100000 | F99: 13200000
A100: 6.g | B100: Pekerjaan Pemadatan Beton dengan Vibrator | C100: 12 | D100: m³ | E100: 40251.08 | F100: 483013
A101: 7 | B101: Pekerjaan Dinding Beton t = 20 cm | F101: =F102+F103+F104+F105+F106 -> 78474481
...
